,HBW,HTT,MMIPS,MET,MBW,MTT,RMIPS,RET,RBW,RTT,BBW,BTT,TT
0,4,1,1,1,4,1,2,4,1,4,1,1,2
1,4,1,1,1,4,1,1,1,2,1,4,1,1
2,4,1,1,1,3,1,3,4,1,4,1,4,2
3,4,1,1,1,3,1,1,1,1,3,1,4,1
4,4,1,1,1,3,1,3,4,1,3,1,4,2
5,4,1,1,1,3,1,1,1,1,3,1,4,1
6,4,1,1,1,3,1,4,4,1,4,1,4,2
7,4,1,1,1,3,1,1,1,4,1,1,4,1
8,4,1,1,1,3,1,3,4,1,4,1,4,2
9,4,1,1,1,3,1,1,1,4,1,1,4,1
10,1,4,1,1,3,1,2,4,1,4,1,1,2
11,1,4,1,1,3,1,1,1,2,1,4,1,1
12,1,4,1,1,4,1,3,4,1,4,1,4,3
13,1,4,1,1,4,1,1,1,1,3,1,4,2
14,1,4,1,1,3,1,3,4,1,3,1,4,3
15,1,4,1,1,3,1,1,1,1,3,1,4,2
16,1,4,1,1,3,1,4,4,1,4,1,4,3
17,1,4,1,1,3,1,1,1,4,1,1,4,2
18,1,4,1,1,3,1,3,4,1,4,1,4,3
19,1,4,1,1,3,1,1,1,4,1,1,4,2
20,4,1,1,1,4,1,2,4,1,4,1,1,2
21,4,1,1,1,4,1,1,1,2,1,4,1,1
22,4,1,1,1,1,1,3,4,1,4,1,4,2
23,4,1,1,1,1,1,1,1,1,3,1,4,1
24,4,1,1,1,1,1,3,4,1,3,1,4,2
25,4,1,1,1,1,1,1,1,1,3,1,4,1
26,4,1,1,1,1,1,4,4,1,4,1,4,2
27,4,1,1,1,1,1,1,1,4,1,1,4,1
28,4,1,1,1,1,1,3,4,1,4,1,4,2
29,4,1,1,1,1,1,1,1,4,1,1,4,1
30,4,1,1,1,4,1,2,4,1,4,1,1,2
31,4,1,1,1,4,1,1,1,2,1,4,1,1
32,4,1,1,1,1,1,3,4,1,4,1,4,2
33,4,1,1,1,1,1,1,1,1,3,1,4,1
34,4,1,1,1,1,1,3,4,1,3,1,4,2
35,4,1,1,1,1,1,1,1,1,3,1,4,1
36,4,1,1,1,1,1,4,4,1,4,1,4,2
37,4,1,1,1,1,1,1,1,4,1,1,4,1
38,4,1,1,1,1,1,3,4,1,4,1,4,2
39,4,1,1,1,1,1,1,1,4,1,1,4,1
40,4,1,1,1,4,1,2,4,1,4,1,1,2
41,4,1,1,1,4,1,1,1,2,1,4,1,1
42,4,1,1,1,1,1,3,4,1,4,1,4,2
43,4,1,1,1,1,1,1,1,1,3,1,4,1
44,4,1,1,1,1,1,3,4,1,3,1,4,2
45,4,1,1,1,1,1,1,1,1,3,1,4,1
46,4,1,1,1,1,1,4,4,1,4,1,4,2
47,4,1,1,1,1,1,1,1,4,1,1,4,1
48,4,1,1,1,1,1,3,4,1,4,1,4,2
49,4,1,1,1,1,1,1,1,4,1,1,4,1
50,4,1,1,1,4,1,2,4,1,4,1,1,2
51,4,1,1,1,4,1,1,1,2,1,4,1,1
52,4,1,1,1,1,2,3,4,1,4,1,4,2
53,4,1,1,1,1,2,1,1,1,3,1,4,1
54,4,1,1,1,1,2,3,4,1,3,1,4,2
55,4,1,1,1,1,2,1,1,1,3,1,4,1
56,4,1,1,1,1,2,4,4,1,4,1,4,2
57,4,1,1,1,1,2,1,1,4,1,1,4,1
58,4,1,1,1,1,2,3,4,1,4,1,4,2
59,4,1,1,1,1,2,1,1,4,1,1,4,1
60,1,4,1,1,1,2,2,4,1,4,1,1,2
61,1,4,1,1,1,2,1,1,2,1,4,1,1
62,1,4,1,1,1,2,3,4,1,4,1,4,3
63,1,4,1,1,1,2,1,1,1,3,1,4,2
64,1,4,1,1,1,1,3,4,1,3,1,4,3
65,1,4,1,1,1,1,1,1,1,3,1,4,2
66,1,4,1,1,1,1,4,4,1,4,1,4,3
67,1,4,1,1,1,1,1,1,4,1,1,4,2
68,1,4,1,1,4,1,3,4,1,4,1,4,3
69,1,4,1,1,4,1,1,1,4,1,1,4,2
70,4,1,1,1,4,1,2,4,1,4,1,1,2
71,4,1,1,1,4,1,1,1,2,1,4,1,1
72,4,1,1,1,1,2,3,4,1,4,1,4,2
73,4,1,1,1,1,2,1,1,1,3,1,4,1
74,4,1,1,1,1,2,3,4,1,3,1,4,2
75,4,1,1,1,1,2,1,1,1,3,1,4,1
76,4,1,1,1,1,2,4,4,1,4,1,4,2
77,4,1,1,1,1,2,1,1,4,1,1,4,1
78,4,1,1,1,1,2,3,4,1,4,1,4,2
79,4,1,1,1,1,2,1,1,4,1,1,4,1
80,1,4,1,1,1,3,2,4,1,4,1,1,2
81,1,4,1,1,1,3,1,1,2,1,4,1,1
82,1,4,1,1,1,3,3,4,1,4,1,4,3
83,1,4,1,1,1,3,1,1,1,3,1,4,2
84,1,4,1,1,1,2,3,4,1,3,1,4,3
85,1,4,1,1,1,2,1,1,1,3,1,4,2
86,1,4,1,1,1,2,4,4,1,4,1,4,3
87,1,4,1,1,1,2,1,1,4,1,1,4,2
88,1,4,1,1,2,1,3,4,1,4,1,4,3
89,1,4,1,1,2,1,1,1,4,1,1,4,2
90,1,4,1,1,1,3,2,4,1,4,1,1,2
91,1,4,1,1,1,3,1,1,2,1,4,1,1
92,1,4,1,1,1,3,3,4,1,4,1,4,3
93,1,4,1,1,1,3,1,1,1,3,1,4,2
94,1,4,1,1,1,2,3,4,1,3,1,4,3
95,1,4,1,1,1,2,1,1,1,3,1,4,2
96,1,4,1,1,1,2,4,4,1,4,1,4,3
97,1,4,1,1,1,2,1,1,4,1,1,4,2
98,1,4,1,1,1,1,3,4,1,4,1,4,3
99,1,4,1,1,1,1,1,1,4,1,1,4,2
100,1,4,1,1,1,3,2,4,1,4,1,1,2
101,1,4,1,1,1,3,1,1,2,1,4,1,1
102,1,4,1,1,1,3,3,4,1,4,1,4,3
103,1,4,1,1,1,3,1,1,1,3,1,4,2
104,1,4,1,1,1,2,3,4,1,3,1,4,3
105,1,4,1,1,1,2,1,1,1,3,1,4,2
106,1,4,1,1,1,2,4,4,1,4,1,4,3
107,1,4,1,1,1,2,1,1,4,1,1,4,2
108,1,4,1,1,1,1,3,4,1,4,1,4,3
109,1,4,1,1,1,1,1,1,4,1,1,4,2
110,4,1,1,1,4,1,2,4,1,4,1,1,2
111,4,1,1,1,4,1,1,1,2,1,4,1,1
112,4,1,1,1,1,3,3,4,1,4,1,4,2
113,4,1,1,1,1,3,1,1,1,3,1,4,1
114,4,1,1,1,1,3,3,4,1,3,1,4,2
115,4,1,1,1,1,3,1,1,1,3,1,4,1
116,4,1,1,1,1,3,4,4,1,4,1,4,2
117,4,1,1,1,1,3,1,1,4,1,1,4,1
118,4,1,1,1,1,3,3,4,1,4,1,4,2
119,4,1,1,1,1,3,1,1,4,1,1,4,1
120,1,4,1,1,1,3,2,4,1,4,1,1,2
121,1,4,1,1,1,3,1,1,2,1,4,1,1
122,1,4,1,1,1,3,3,4,1,4,1,4,3
123,1,4,1,1,1,3,1,1,1,3,1,4,2
124,1,4,1,1,1,1,3,4,1,3,1,4,3
125,1,4,1,1,4,1,1,1,1,3,1,4,2
126,1,4,1,1,1,2,4,4,1,4,1,4,3
127,1,4,1,1,1,2,1,1,4,1,1,4,2
128,1,4,1,1,1,2,3,4,1,4,1,4,3
129,1,4,1,1,1,2,1,1,4,1,1,4,2
130,4,1,1,1,4,1,2,4,1,4,1,1,2
131,4,1,1,1,4,1,1,1,2,1,4,1,1
132,4,1,1,1,1,3,3,4,1,4,1,4,2
133,4,1,1,1,1,3,1,1,1,3,1,4,1
134,4,1,1,1,1,3,3,4,1,3,1,4,2
135,4,1,1,1,1,3,1,1,1,3,1,4,1
136,4,1,1,1,1,3,4,4,1,4,1,4,2
137,4,1,1,1,1,3,1,1,4,1,1,4,1
138,4,1,1,1,1,3,3,4,1,4,1,4,2
139,4,1,1,1,1,3,1,1,4,1,1,4,1
140,4,1,1,1,4,1,2,4,1,4,1,1,2
141,4,1,1,1,4,1,1,1,2,1,4,1,1
142,4,1,1,1,1,3,3,4,1,4,1,4,2
143,4,1,1,1,1,3,1,1,1,3,1,4,1
144,4,1,1,1,1,3,3,4,1,3,1,4,2
145,4,1,1,1,1,3,1,1,1,3,1,4,1
146,4,1,1,1,1,3,4,4,1,4,1,4,2
147,4,1,1,1,1,3,1,1,4,1,1,4,1
148,4,1,1,1,1,3,3,4,1,4,1,4,2
149,4,1,1,1,1,3,1,1,4,1,1,4,1
150,1,4,1,1,1,3,2,4,1,4,1,1,2
151,1,4,1,1,1,3,1,1,2,1,4,1,1
152,1,4,1,1,1,3,3,4,1,4,1,4,3
153,1,4,1,1,1,3,1,1,1,3,1,4,2
154,1,4,1,1,1,1,3,4,1,3,1,4,3
155,1,4,1,1,4,1,1,1,1,3,1,4,2
156,1,4,1,1,1,2,4,4,1,4,1,4,3
157,1,4,1,1,1,2,1,1,4,1,1,4,2
158,1,4,1,1,1,2,3,4,1,4,1,4,3
159,1,4,1,1,1,2,1,1,4,1,1,4,2
160,1,4,1,1,1,3,2,4,1,4,1,1,2
161,1,4,1,1,1,3,1,1,2,1,4,1,1
162,1,4,1,1,1,2,3,4,1,4,1,4,3
163,1,4,1,1,4,1,1,1,1,3,1,4,2
164,1,4,1,1,1,3,3,4,1,3,1,4,3
165,1,4,1,1,1,3,1,1,1,3,1,4,2
166,1,4,1,1,1,3,4,4,1,4,1,4,3
167,1,4,1,1,1,3,1,1,4,1,1,4,2
168,1,4,1,1,1,3,3,4,1,4,1,4,3
169,1,4,1,1,1,3,1,1,4,1,1,4,2
170,1,4,1,1,1,3,2,4,1,4,1,1,2
171,1,4,1,1,1,3,1,1,2,1,4,1,1
172,1,4,1,1,1,2,3,4,1,4,1,4,3
173,1,4,1,1,4,1,1,1,1,3,1,4,2
174,1,4,1,1,1,3,3,4,1,3,1,4,3
175,1,4,1,1,1,3,1,1,1,3,1,4,2
176,1,4,1,1,1,3,4,4,1,4,1,4,3
177,1,4,1,1,1,3,1,1,4,1,1,4,2
178,1,4,1,1,1,3,3,4,1,4,1,4,3
179,1,4,1,1,1,3,1,1,4,1,1,4,2
180,4,1,1,1,4,1,2,4,1,4,1,1,2
181,4,1,1,1,3,1,1,1,2,1,4,1,1
182,4,1,1,1,1,3,3,4,1,4,1,4,2
183,4,1,1,1,1,3,1,1,1,3,1,4,1
184,4,1,1,1,1,3,3,4,1,3,1,4,2
185,4,1,1,1,1,3,1,1,1,3,1,4,1
186,4,1,1,1,1,3,4,4,1,4,1,4,2
187,4,1,1,1,1,3,1,1,4,1,1,4,1
188,4,1,1,1,1,3,3,4,1,4,1,4,2
189,4,1,1,1,1,3,1,1,4,1,1,4,1
190,1,4,1,1,1,3,2,4,1,4,1,1,2
191,1,4,1,1,1,3,1,1,2,1,4,1,1
192,1,4,1,1,1,3,3,4,1,4,1,4,3
193,1,4,1,1,1,3,1,1,1,3,1,4,2
194,1,4,1,1,1,2,3,4,1,3,1,4,3
195,1,4,1,1,1,2,1,1,1,3,1,4,2
196,1,4,1,1,4,1,4,4,1,4,1,4,3
197,1,4,1,1,4,1,1,1,4,1,1,4,2
198,1,4,1,1,1,3,3,4,1,4,1,4,3
199,1,4,1,1,1,3,1,1,4,1,1,4,2
200,1,4,1,1,1,3,2,4,1,4,1,1,2
201,1,4,1,1,1,3,1,1,2,1,4,1,1
202,1,4,1,1,1,2,1,1,1,3,1,4,2
203,1,4,1,1,1,3,3,4,1,3,1,4,3
204,1,4,1,1,1,3,1,1,1,3,1,4,2
205,1,4,1,1,1,3,4,4,1,4,1,4,3
206,1,4,1,1,1,3,1,1,4,1,1,4,2
207,1,4,1,1,1,3,3,4,1,4,1,4,3
208,1,4,1,1,1,3,1,1,4,1,1,4,2
209,1,4,1,1,1,3,2,4,1,4,1,1,2
210,1,4,1,1,1,3,1,1,2,1,4,1,1
211,1,4,1,1,1,3,3,4,1,4,1,4,3
212,1,4,1,1,1,3,1,1,1,3,1,4,2
213,1,4,1,1,1,3,3,4,1,3,1,4,3
214,1,4,1,1,1,3,1,1,1,3,1,4,2
215,1,4,1,1,1,3,4,4,1,4,1,4,3
216,1,4,1,1,1,3,1,1,4,1,1,4,2
217,1,4,1,1,2,1,3,4,1,4,1,4,3
218,1,4,1,1,1,3,2,4,1,4,1,1,2
219,1,4,1,1,1,3,1,1,2,1,4,1,1
220,1,4,1,1,1,3,3,4,1,4,1,4,3
221,1,4,1,1,1,3,1,1,1,3,1,4,2
222,1,4,1,1,1,2,3,4,1,3,1,4,3
223,1,4,1,1,1,2,1,1,1,3,1,4,2
224,1,4,1,1,4,1,4,4,1,4,1,4,3
225,1,4,1,1,4,1,1,1,4,1,1,4,2
226,1,4,1,1,1,3,3,4,1,4,1,4,3
227,1,4,1,1,1,3,1,1,4,1,1,4,2
228,4,1,1,1,4,1,2,4,1,4,1,1,2
229,4,1,1,1,3,1,1,1,2,1,4,1,1
230,4,1,1,1,1,3,3,4,1,4,1,4,2
231,4,1,1,1,1,3,1,1,1,3,1,4,1
232,4,1,1,1,1,3,3,4,1,3,1,4,2
233,4,1,1,1,1,3,1,1,1,3,1,4,1
234,4,1,1,1,1,3,4,4,1,4,1,4,2
235,4,1,1,1,1,3,1,1,4,1,1,4,1
236,4,1,1,1,1,3,3,4,1,4,1,4,2
237,4,1,1,1,1,3,1,1,4,1,1,4,1
238,4,1,1,1,4,1,2,4,1,4,1,1,2
239,4,1,1,1,3,1,1,1,2,1,4,1,1
240,4,1,1,1,1,3,3,4,1,4,1,4,2
241,4,1,1,1,1,3,1,1,1,3,1,4,1
242,4,1,1,1,1,3,3,4,1,3,1,4,2
243,4,1,1,1,1,3,1,1,1,3,1,4,1
244,4,1,1,1,1,3,4,4,1,4,1,4,2
245,4,1,1,1,1,3,1,1,4,1,1,4,1
246,4,1,1,1,1,3,3,4,1,4,1,4,2
247,4,1,1,1,1,3,1,1,4,1,1,4,1
248,4,1,1,1,4,1,2,4,1,4,1,1,2
249,4,1,1,1,3,1,1,1,2,1,4,1,1
250,4,1,1,1,1,3,3,4,1,4,1,4,2
251,4,1,1,1,1,3,1,1,1,3,1,4,1
252,4,1,1,1,1,3,3,4,1,3,1,4,2
253,4,1,1,1,1,3,1,1,1,3,1,4,1
254,4,1,1,1,1,3,4,4,1,4,1,4,2
255,4,1,1,1,1,3,1,1,4,1,1,4,1
256,4,1,1,1,1,3,3,4,1,4,1,4,2
257,4,1,1,1,1,3,1,1,4,1,1,4,1
258,1,4,1,1,1,3,2,4,1,4,1,1,2
259,1,4,1,1,1,3,1,1,2,1,4,1,1
260,1,4,1,1,1,3,3,4,1,4,1,4,3
261,1,4,1,1,1,3,1,1,1,3,1,4,2
262,1,4,1,1,1,3,3,4,1,3,1,4,3
263,1,4,1,1,1,3,1,1,1,3,1,4,2
264,1,4,1,1,1,3,4,4,1,4,1,4,3
265,1,4,1,1,1,3,1,1,4,1,1,4,2
266,1,4,1,1,3,1,3,4,1,4,1,4,3
267,1,4,1,1,2,1,1,1,4,1,1,4,2
268,4,1,1,1,2,1,2,4,1,4,1,1,2
269,4,1,1,1,1,3,3,4,1,4,1,4,2
270,4,1,1,1,1,3,1,1,1,3,1,4,1
271,4,1,1,1,1,3,3,4,1,3,1,4,2
272,4,1,1,1,1,3,1,1,1,3,1,4,1
273,4,1,1,1,1,3,4,4,1,4,1,4,2
274,4,1,1,1,1,3,1,1,4,1,1,4,1
275,4,1,1,1,1,3,3,4,1,4,1,4,2
276,4,1,1,1,1,3,1,1,4,1,1,4,1
277,1,4,1,1,1,3,2,4,1,4,1,1,2
278,1,4,1,1,1,3,1,1,2,1,4,1,1
279,1,4,1,1,1,3,3,4,1,4,1,4,3
280,1,4,1,1,1,3,1,1,1,3,1,4,2
281,1,4,1,1,1,3,3,4,1,3,1,4,3
282,1,4,1,1,1,3,1,1,1,3,1,4,2
283,1,4,1,1,1,3,4,4,1,4,1,4,3
284,1,4,1,1,1,3,1,1,4,1,1,4,2
285,1,4,1,1,1,2,3,4,1,4,1,4,3
286,1,4,1,1,1,2,1,1,4,1,1,4,2
287,1,4,1,1,1,3,2,4,1,4,1,1,2
288,1,4,1,1,1,3,1,1,2,1,4,1,1
289,1,4,1,1,1,3,3,4,1,4,1,4,3
290,1,4,1,1,1,3,1,1,1,3,1,4,2
291,1,4,1,1,1,2,1,1,1,3,1,4,2
292,1,4,1,1,1,2,4,4,1,4,1,4,3
293,1,4,1,1,1,2,1,1,4,1,1,4,2
294,1,4,1,1,1,3,3,4,1,4,1,4,3
295,1,4,1,1,1,3,1,1,4,1,1,4,2
296,1,4,1,1,1,3,2,4,1,4,1,1,2
297,1,4,1,1,1,3,1,1,2,1,4,1,1
298,1,4,1,1,1,2,3,4,1,4,1,4,3
299,1,4,1,1,3,1,1,1,1,3,1,4,2
300,1,4,1,1,1,3,3,4,1,3,1,4,3
301,1,4,1,1,1,3,1,1,1,3,1,4,2
302,1,4,1,1,1,3,4,4,1,4,1,4,3
303,1,4,1,1,1,3,1,1,4,1,1,4,2
304,1,4,1,1,1,3,3,4,1,4,1,4,3
305,1,4,1,1,1,3,1,1,4,1,1,4,2
306,1,4,1,1,1,3,2,4,1,4,1,1,2
307,1,4,1,1,1,3,1,1,2,1,4,1,1
308,1,4,1,1,1,3,3,4,1,4,1,4,3
309,1,4,1,1,1,3,1,1,1,3,1,4,2
310,1,4,1,1,1,3,3,4,1,3,1,4,3
311,1,4,1,1,1,3,1,1,1,3,1,4,2
312,1,4,1,1,1,3,4,4,1,4,1,4,3
313,1,4,1,1,1,3,1,1,4,1,1,4,2
314,1,4,1,1,3,1,3,4,1,4,1,4,3
315,1,4,1,1,2,1,1,1,4,1,1,4,2
316,1,4,1,1,1,3,2,4,1,4,1,1,2
317,1,4,1,1,1,3,1,1,2,1,4,1,1
318,1,4,1,1,1,3,3,4,1,4,1,4,3
319,1,4,1,1,1,3,1,1,1,3,1,4,2
320,1,4,1,1,1,3,3,4,1,3,1,4,3
321,1,4,1,1,1,3,1,1,1,3,1,4,2
322,1,4,1,1,1,3,4,4,1,4,1,4,3
323,1,4,1,1,1,3,1,1,4,1,1,4,2
324,1,4,1,1,2,1,3,4,1,4,1,4,3
325,1,4,1,1,2,1,1,1,4,1,1,4,2
326,1,4,1,1,1,3,2,4,1,4,1,1,2
327,1,4,1,1,1,3,1,1,2,1,4,1,1
328,1,4,1,1,1,3,3,4,1,4,1,4,3
329,1,4,1,1,1,3,1,1,1,3,1,4,2
330,1,4,1,1,1,2,3,4,1,3,1,4,3
331,1,4,1,1,1,2,1,1,1,3,1,4,2
332,1,4,1,1,1,2,4,4,1,4,1,4,3
333,1,4,1,1,1,2,1,1,4,1,1,4,2
334,1,4,1,1,1,2,3,4,1,4,1,4,3
335,1,4,1,1,1,2,1,1,4,1,1,4,2
336,1,4,1,1,1,3,2,4,1,4,1,1,2
337,1,4,1,1,1,3,1,1,2,1,4,1,1
338,1,4,1,1,1,3,3,4,1,4,1,4,3
339,1,4,1,1,1,3,1,1,1,3,1,4,2
340,1,4,1,1,1,1,3,4,1,3,1,4,3
341,1,4,1,1,4,1,1,1,1,3,1,4,2
342,1,4,1,1,1,2,4,4,1,4,1,4,3
343,1,4,1,1,1,2,1,1,4,1,1,4,2
344,1,4,1,1,1,2,3,4,1,4,1,4,3
345,1,4,1,1,1,2,1,1,4,1,1,4,2
346,1,4,1,1,1,3,2,4,1,4,1,1,2
347,1,4,1,1,1,3,1,1,2,1,4,1,1
348,1,4,1,1,1,3,3,4,1,4,1,4,3
349,1,4,1,1,1,3,1,1,1,3,1,4,2
350,1,4,1,1,1,1,3,4,1,3,1,4,3
351,1,4,1,1,4,1,1,1,1,3,1,4,2
352,1,4,1,1,1,2,4,4,1,4,1,4,3
353,1,4,1,1,1,2,1,1,4,1,1,4,2
354,1,4,1,1,1,2,3,4,1,4,1,4,3
355,1,4,1,1,1,2,1,1,4,1,1,4,2
356,1,4,1,1,1,3,2,4,1,4,1,1,2
357,1,4,1,1,1,3,1,1,2,1,4,1,1
358,1,4,1,1,1,3,3,4,1,4,1,4,3
359,1,4,1,1,1,3,1,1,1,3,1,4,2
360,1,4,1,1,1,2,3,4,1,3,1,4,3
361,1,4,1,1,1,2,1,1,1,3,1,4,2
362,1,4,1,1,1,2,4,4,1,4,1,4,3
363,1,4,1,1,1,2,1,1,4,1,1,4,2
364,1,4,1,1,1,1,3,4,1,4,1,4,3
365,1,4,1,1,1,1,1,1,4,1,1,4,2
366,4,1,1,1,4,1,2,4,1,4,1,1,2
367,4,1,1,1,2,1,1,1,2,1,4,1,1
368,4,1,1,1,1,3,3,4,1,4,1,4,2
369,4,1,1,1,1,3,1,1,1,3,1,4,2
370,4,1,1,1,1,3,3,4,1,3,1,4,2
371,4,1,1,1,1,3,1,1,1,3,1,4,1
372,4,1,1,1,1,3,4,4,1,4,1,4,2
373,4,1,1,1,1,3,1,1,4,1,1,4,1
374,4,1,1,1,1,3,3,4,1,4,1,4,2
375,4,1,1,1,1,3,1,1,4,1,1,4,1
376,1,4,1,1,1,3,2,4,1,4,1,1,2
377,1,4,1,1,1,3,1,1,2,1,4,1,1
378,1,4,1,1,1,2,3,4,1,4,1,4,3
379,1,4,1,1,4,1,1,1,1,3,1,4,2
380,1,4,1,1,1,3,3,4,1,3,1,4,3
381,1,4,1,1,1,3,1,1,1,3,1,4,2
382,1,4,1,1,1,3,4,4,1,4,1,4,3
383,1,4,1,1,1,3,1,1,4,1,1,4,2
384,1,4,1,1,1,3,3,4,1,4,1,4,3
385,1,4,1,1,1,3,1,1,4,1,1,4,2
386,1,4,1,1,1,3,2,4,1,4,1,1,2
387,1,4,1,1,1,3,1,1,2,1,4,1,1
388,1,4,1,1,1,3,3,4,1,4,1,4,3
389,1,4,1,1,1,3,1,1,1,3,1,4,2
390,1,4,1,1,1,2,3,4,1,3,1,4,3
391,1,4,1,1,1,2,1,1,1,3,1,4,2
392,1,4,1,1,1,2,4,4,1,4,1,4,3
393,1,4,1,1,1,2,1,1,4,1,1,4,2
394,1,4,1,1,1,1,3,4,1,4,1,4,3
395,1,4,1,1,1,1,1,1,4,1,1,4,2
396,4,1,1,1,4,1,2,4,1,4,1,1,2
397,4,1,1,1,3,1,1,1,2,1,4,1,1
398,4,1,1,1,1,3,3,4,1,4,1,4,2
399,4,1,1,1,1,3,1,1,1,3,1,4,2
400,4,1,1,1,1,3,3,4,1,3,1,4,2
401,4,1,1,1,1,3,1,1,1,3,1,4,1
402,4,1,1,1,1,3,4,4,1,4,1,4,2
403,4,1,1,1,1,3,1,1,4,1,1,4,1
404,4,1,1,1,1,3,3,4,1,4,1,4,2
405,4,1,1,1,1,3,1,1,4,1,1,4,1
406,1,4,1,1,1,3,2,4,1,4,1,1,2
407,1,4,1,1,1,3,1,1,2,1,4,1,1
408,1,4,1,1,1,2,3,4,1,4,1,4,3
409,1,4,1,1,4,1,1,1,1,3,1,4,2
410,1,4,1,1,1,3,3,4,1,3,1,4,3
411,1,4,1,1,1,3,1,1,1,3,1,4,2
412,1,4,1,1,1,3,4,4,1,4,1,4,3
413,1,4,1,1,1,3,1,1,4,1,1,4,2
414,1,4,1,1,1,3,3,4,1,4,1,4,3
415,1,4,1,1,1,3,1,1,4,1,1,4,2
416,4,1,1,1,4,1,2,4,1,4,1,1,2
417,4,1,1,1,4,1,1,1,2,1,4,1,1
418,4,1,1,1,1,3,3,4,1,4,1,4,2
419,4,1,1,1,1,3,1,1,1,3,1,4,2
420,4,1,1,1,1,3,3,4,1,3,1,4,2
421,4,1,1,1,1,3,1,1,1,3,1,4,2
422,4,1,1,1,1,3,4,4,1,4,1,4,2
423,4,1,1,1,1,3,1,1,4,1,1,4,1
424,4,1,1,1,1,3,3,4,1,4,1,4,2
425,4,1,1,1,1,3,1,1,4,1,1,4,1
426,4,1,1,1,4,1,2,4,1,4,1,1,2
427,4,1,1,1,4,1,1,1,2,1,4,1,1
428,4,1,1,1,1,3,3,4,1,4,1,4,2
429,4,1,1,1,1,3,1,1,1,3,1,4,2
430,4,1,1,1,1,3,3,4,1,3,1,4,2
431,4,1,1,1,1,3,1,1,1,3,1,4,2
432,4,1,1,1,1,3,4,4,1,4,1,4,2
433,4,1,1,1,1,3,1,1,4,1,1,4,1
434,4,1,1,1,1,3,3,4,1,4,1,4,2
435,4,1,1,1,1,3,1,1,4,1,1,4,1
436,1,4,1,1,1,3,2,4,1,4,1,1,2
437,1,4,1,1,1,3,1,1,2,1,4,1,1
438,1,4,1,1,1,3,3,4,1,4,1,4,3
439,1,4,1,1,1,3,1,1,1,3,1,4,2
440,1,4,1,1,1,1,3,4,1,3,1,4,3
441,1,4,1,1,4,1,1,1,1,3,1,4,2
442,1,4,1,1,1,2,4,4,1,4,1,4,3
443,1,4,1,1,1,2,1,1,4,1,1,4,2
444,1,4,1,1,1,2,3,4,1,4,1,4,3
445,1,4,1,1,1,2,1,1,4,1,1,4,2
446,1,4,1,1,1,3,2,4,1,4,1,1,2
447,1,4,1,1,1,3,1,1,2,1,4,1,1
448,1,4,1,1,1,3,3,4,1,4,1,4,3
449,1,4,1,1,1,3,1,1,1,3,1,4,2
450,1,4,1,1,1,2,3,4,1,3,1,4,3
451,1,4,1,1,1,2,1,1,1,3,1,4,2
452,1,4,1,1,4,1,4,4,1,4,1,4,3
453,1,4,1,1,4,1,1,1,4,1,1,4,2
454,1,4,1,1,1,2,3,4,1,4,1,4,3
455,1,4,1,1,1,2,1,1,4,1,1,4,2
456,4,1,1,1,4,1,2,4,1,4,1,1,2
457,4,1,1,1,4,1,1,1,2,1,4,1,1
458,4,1,1,1,1,3,3,4,1,4,1,4,2
459,4,1,1,1,1,3,1,1,1,3,1,4,2
460,4,1,1,1,1,3,3,4,1,3,1,4,2
461,4,1,1,1,1,3,1,1,1,3,1,4,2
462,4,1,1,1,1,3,4,4,1,4,1,4,2
463,4,1,1,1,1,3,1,1,4,1,1,4,1
464,4,1,1,1,1,3,3,4,1,4,1,4,2
465,4,1,1,1,1,3,1,1,4,1,1,4,1
466,4,1,1,1,4,1,2,4,1,4,1,1,2
467,4,1,1,1,4,1,1,1,2,1,4,1,1
468,4,1,1,1,1,3,3,4,1,4,1,4,2
469,4,1,1,1,1,3,1,1,1,3,1,4,2
470,4,1,1,1,1,3,3,4,1,3,1,4,2
471,4,1,1,1,1,3,1,1,1,3,1,4,2
472,4,1,1,1,1,3,4,4,1,4,1,4,2
473,4,1,1,1,1,3,1,1,4,1,1,4,1
474,4,1,1,1,1,3,3,4,1,4,1,4,2
475,4,1,1,1,1,3,1,1,4,1,1,4,1
476,4,1,1,1,4,1,2,4,1,4,1,1,2
477,4,1,1,1,4,1,1,1,2,1,4,1,1
478,4,1,1,1,1,3,3,4,1,4,1,4,2
479,4,1,1,1,1,3,1,1,1,3,1,4,2
480,4,1,1,1,1,3,3,4,1,3,1,4,2
481,4,1,1,1,1,3,1,1,1,3,1,4,2
482,4,1,1,1,1,3,4,4,1,4,1,4,2
483,4,1,1,1,1,3,1,1,4,1,1,4,1
484,4,1,1,1,1,3,3,4,1,4,1,4,2
485,4,1,1,1,1,3,1,1,4,1,1,4,1
486,4,1,1,1,4,1,2,4,1,4,1,1,2
487,4,1,1,1,4,1,1,1,2,1,4,1,1
488,4,1,1,1,1,3,3,4,1,4,1,4,2
489,4,1,1,1,1,3,1,1,1,3,1,4,2
490,4,1,1,1,1,3,3,4,1,3,1,4,2
491,4,1,1,1,1,3,1,1,1,3,1,4,2
492,4,1,1,1,1,3,4,4,1,4,1,4,3
493,4,1,1,1,1,3,1,1,4,1,1,4,1
494,4,1,1,1,1,3,3,4,1,4,1,4,3
495,4,1,1,1,1,3,1,1,4,1,1,4,1
496,1,4,1,1,1,3,2,4,1,4,1,1,3
497,1,4,1,1,1,3,1,1,2,1,4,1,1
498,1,4,1,1,1,3,3,4,1,4,1,4,3
499,1,4,1,1,1,3,1,1,1,3,1,4,2
500,1,4,1,1,1,2,3,4,1,3,1,4,3
501,1,4,1,1,1,2,1,1,1,3,1,4,2
502,1,4,1,1,2,1,4,4,1,4,1,4,3
503,1,4,1,1,2,1,1,1,4,1,1,4,2
504,1,4,1,1,1,2,3,4,1,4,1,4,3
505,1,4,1,1,1,2,1,1,4,1,1,4,2
506,1,4,1,1,1,3,2,4,1,4,1,1,3
507,1,4,1,1,1,3,1,1,2,1,4,1,1
508,1,4,1,1,1,3,3,4,1,4,1,4,3
509,1,4,1,1,1,3,1,1,1,3,1,4,2
510,1,4,1,1,1,2,3,4,1,3,1,4,3
511,1,4,1,1,1,2,1,1,1,3,1,4,2
512,1,4,1,1,4,1,4,4,1,4,1,4,3
513,1,4,1,1,4,1,1,1,4,1,1,4,2
514,1,4,1,1,1,2,3,4,1,4,1,4,3
515,1,4,1,1,1,2,1,1,4,1,1,4,2
516,1,4,1,1,1,3,2,4,1,4,1,1,3
517,1,4,1,1,1,3,1,1,2,1,4,1,1
518,1,4,1,1,1,3,3,4,1,4,1,4,3
519,1,4,1,1,1,3,1,1,1,3,1,4,2
520,1,4,1,1,1,2,3,4,1,3,1,4,3
521,1,4,1,1,1,2,1,1,1,3,1,4,2
522,1,4,1,1,1,2,4,4,1,4,1,4,3
523,1,4,1,1,1,2,1,1,4,1,1,4,2
524,1,4,1,1,2,1,3,4,1,4,1,4,3
525,1,4,1,1,2,1,1,1,4,1,1,4,2
526,4,1,1,1,4,1,2,4,1,4,1,1,2
527,4,1,1,1,4,1,1,1,2,1,4,1,1
528,4,1,1,1,1,3,3,4,1,4,1,4,2
529,4,1,1,1,1,3,1,1,1,3,1,4,2
530,4,1,1,1,1,3,3,4,1,3,1,4,2
531,4,1,1,1,1,3,1,1,1,3,1,4,2
532,4,1,1,1,1,3,4,4,1,4,1,4,3
533,4,1,1,1,1,3,1,1,4,1,1,4,1
534,4,1,1,1,1,3,3,4,1,4,1,4,3
535,4,1,1,1,1,3,1,1,4,1,1,4,1
536,1,4,1,1,1,4,2,4,1,4,1,1,3
537,1,4,1,1,1,4,1,1,2,1,4,1,1
538,1,4,1,1,1,2,3,4,1,4,1,4,3
539,1,4,1,1,4,1,1,1,1,3,1,4,2
540,1,4,1,1,1,3,3,4,1,3,1,4,3
541,1,4,1,1,1,3,1,1,1,3,1,4,2
542,1,4,1,1,1,3,4,4,1,4,1,4,3
543,1,4,1,1,1,3,1,1,4,1,1,4,2
544,1,4,1,1,1,3,3,4,1,4,1,4,3
545,1,4,1,1,1,3,1,1,4,1,1,4,2
546,4,1,1,1,4,1,2,4,1,4,1,1,2
547,4,1,1,1,4,1,1,1,2,1,4,1,1
548,4,1,1,1,1,4,3,4,1,4,1,4,2
549,4,1,1,1,1,4,1,1,1,3,1,4,2
550,4,1,1,1,1,4,3,4,1,3,1,4,2
551,4,1,1,1,1,4,1,1,1,3,1,4,2
552,4,1,1,1,1,4,4,4,1,4,1,4,3
553,4,1,1,1,1,4,1,1,4,1,1,4,1
554,4,1,1,1,1,4,3,4,1,4,1,4,3
555,4,1,1,1,1,4,1,1,4,1,1,4,1
556,1,4,1,1,1,4,2,4,1,4,1,1,3
557,1,4,1,1,1,4,1,1,2,1,4,1,1
558,1,4,1,1,1,3,3,4,1,4,1,4,3
559,1,4,1,1,1,3,1,1,1,3,1,4,2
560,1,4,1,1,1,3,3,4,1,3,1,4,3
561,1,4,1,1,1,3,1,1,1,3,1,4,2
562,1,4,1,1,1,3,4,4,1,4,1,4,3
563,1,4,1,1,1,3,1,1,4,1,1,4,2
564,1,4,1,1,1,1,3,4,1,4,1,4,3
565,1,4,1,1,1,1,1,1,4,1,1,4,2
566,4,1,1,1,4,1,2,4,1,4,1,1,2
567,4,1,1,1,4,1,1,1,2,1,4,1,1
568,4,1,1,1,1,4,3,4,1,4,1,4,2
569,4,1,1,1,1,4,1,1,1,3,1,4,2
570,4,1,1,1,1,4,3,4,1,3,1,4,2
571,4,1,1,1,1,4,1,1,1,3,1,4,2
572,4,1,1,1,1,4,4,4,1,4,1,4,3
573,4,1,1,1,1,4,1,1,4,1,1,4,1
574,4,1,1,1,1,4,3,4,1,4,1,4,3
575,4,1,1,1,1,4,1,1,4,1,1,4,1
576,4,1,1,1,4,1,2,4,1,4,1,1,2
577,4,1,1,1,3,1,1,1,2,1,4,1,1
578,4,1,1,1,1,4,3,4,1,4,1,4,2
579,4,1,1,1,1,4,1,1,1,3,1,4,2
580,4,1,1,1,1,4,3,4,1,3,1,4,2
581,4,1,1,1,1,4,1,1,1,3,1,4,2
582,4,1,1,1,1,4,4,4,1,4,1,4,3
583,4,1,1,1,1,4,1,1,4,1,1,4,1
584,4,1,1,1,1,4,3,4,1,4,1,4,3
585,4,1,1,1,1,4,1,1,4,1,1,4,1
586,4,1,1,1,4,1,2,4,1,4,1,1,2
587,4,1,1,1,3,1,1,1,2,1,4,1,1
588,4,1,1,1,1,4,3,4,1,4,1,4,3
589,4,1,1,1,1,4,1,1,1,3,1,4,2
590,4,1,1,1,1,4,3,4,1,3,1,4,2
591,4,1,1,1,1,4,1,1,1,3,1,4,2
592,4,1,1,1,1,4,4,4,1,4,1,4,3
593,4,1,1,1,1,4,1,1,4,1,1,4,1
594,4,1,1,1,1,4,3,4,1,4,1,4,3
595,4,1,1,1,1,4,1,1,4,1,1,4,1
596,1,4,1,1,1,4,2,4,1,4,1,1,3
597,1,4,1,1,1,4,1,1,2,1,4,1,1
598,1,4,1,1,1,2,1,1,1,3,1,4,2
599,1,4,1,1,1,3,3,4,1,3,1,4,3
600,1,4,1,1,1,3,1,1,1,3,1,4,2
601,1,4,1,1,1,3,4,4,1,4,1,4,3
602,1,4,1,1,1,3,1,1,4,1,1,4,2
603,1,4,1,1,1,3,3,4,1,4,1,4,3
604,1,4,1,1,1,3,1,1,4,1,1,4,2
605,4,1,1,1,4,1,2,4,1,4,1,1,2
606,4,1,1,1,4,1,1,1,2,1,4,1,1
607,4,1,1,1,1,4,3,4,1,4,1,4,3
608,4,1,1,1,1,4,1,1,1,3,1,4,2
609,4,1,1,1,1,4,3,4,1,3,1,4,2
610,4,1,1,1,1,4,1,1,1,3,1,4,2
611,4,1,1,1,1,4,4,4,1,4,1,4,3
612,4,1,1,1,1,4,1,1,4,1,1,4,1
613,4,1,1,1,1,4,3,4,1,4,1,4,3
614,4,1,1,1,1,4,1,1,4,1,1,4,1
615,4,1,1,1,4,1,2,4,1,4,1,1,2
616,4,1,1,1,3,1,1,1,2,1,4,1,1
617,4,1,1,1,1,4,3,4,1,4,1,4,3
618,4,1,1,1,1,4,1,1,1,3,1,4,2
619,4,1,1,1,1,4,3,4,1,3,1,4,2
620,4,1,1,1,1,4,1,1,1,3,1,4,2
621,4,1,1,1,1,4,4,4,1,4,1,4,3
622,4,1,1,1,1,4,1,1,4,1,1,4,1
623,4,1,1,1,1,4,3,4,1,4,1,4,3
624,4,1,1,1,1,4,1,1,4,1,1,4,1
625,1,4,1,1,1,4,2,4,1,4,1,1,3
626,1,4,1,1,1,4,1,1,2,1,4,1,1
627,1,4,1,1,1,2,3,4,1,4,1,4,3
628,1,4,1,1,4,1,1,1,1,3,1,4,2
629,1,4,1,1,1,4,3,4,1,3,1,4,3
630,1,4,1,1,1,4,1,1,1,3,1,4,2
631,1,4,1,1,1,4,4,4,1,4,1,4,3
632,1,4,1,1,1,4,1,1,4,1,1,4,2
633,1,4,1,1,1,4,3,4,1,4,1,4,3
634,1,4,1,1,1,4,1,1,4,1,1,4,2
635,4,1,1,1,4,1,2,4,1,4,1,1,2
636,4,1,1,1,3,1,1,1,2,1,4,1,1
637,4,1,1,1,1,4,3,4,1,4,1,4,3
638,4,1,1,1,1,4,1,1,1,3,1,4,2
639,4,1,1,1,1,4,3,4,1,3,1,4,2
640,4,1,1,1,1,4,1,1,1,3,1,4,2
641,4,1,1,1,1,4,4,4,1,4,1,4,3
642,4,1,1,1,1,4,1,1,4,1,1,4,1
643,4,1,1,1,1,4,3,4,1,4,1,4,3
644,4,1,1,1,1,4,1,1,4,1,1,4,1
645,1,4,1,1,1,4,2,4,1,4,1,1,3
646,1,4,1,1,1,4,1,1,2,1,4,1,1
647,1,4,1,1,1,4,3,4,1,4,1,4,3
648,1,4,1,1,1,4,1,1,1,3,1,4,2
649,1,4,1,1,1,3,3,4,1,3,1,4,3
650,1,4,1,1,1,3,1,1,1,3,1,4,2
651,1,4,1,1,1,3,4,4,1,4,1,4,3
652,1,4,1,1,1,3,1,1,4,1,1,4,2
653,1,4,1,1,4,1,3,4,1,4,1,4,3
654,1,4,1,1,4,1,1,1,4,1,1,4,2
655,1,4,1,1,1,4,2,4,1,4,1,1,3
656,1,4,1,1,1,4,1,1,2,1,4,1,1
657,1,4,1,1,1,4,3,4,1,4,1,4,3
658,1,4,1,1,1,4,1,1,1,3,1,4,2
659,1,4,1,1,1,3,3,4,1,3,1,4,3
660,1,4,1,1,1,3,1,1,1,3,1,4,2
661,1,4,1,1,1,3,4,4,1,4,1,4,3
662,1,4,1,1,1,3,1,1,4,1,1,4,2
663,1,4,1,1,2,1,3,4,1,4,1,4,3
664,1,4,1,1,2,1,1,1,4,1,1,4,2
665,4,1,1,1,4,1,2,4,1,4,1,1,2
666,4,1,1,1,4,1,1,1,2,1,4,1,1
667,4,1,1,1,1,4,3,4,1,4,1,4,3
668,4,1,1,1,1,4,1,1,1,3,1,4,2
669,4,1,1,1,1,4,3,4,1,3,1,4,2
670,4,1,1,1,1,4,1,1,1,3,1,4,2
671,4,1,1,1,1,4,4,4,1,4,1,4,3
672,4,1,1,1,1,4,1,1,4,1,1,4,1
673,4,1,1,1,1,4,3,4,1,4,1,4,3
674,4,1,1,1,1,4,1,1,4,1,1,4,1
675,1,4,1,1,1,4,2,4,1,4,1,1,3
676,1,4,1,1,1,4,1,1,2,1,4,1,2
677,1,4,1,1,1,4,3,4,1,4,1,4,3
678,1,4,1,1,1,4,1,1,1,3,1,4,2
679,1,4,1,1,1,3,3,4,1,3,1,4,3
680,1,4,1,1,1,3,1,1,1,3,1,4,2
681,1,4,1,1,1,3,4,4,1,4,1,4,3
682,1,4,1,1,1,3,1,1,4,1,1,4,2
683,1,4,1,1,1,1,3,4,1,4,1,4,3
684,1,4,1,1,1,1,1,1,4,1,1,4,2
685,1,4,1,1,1,4,2,4,1,4,1,1,3
686,1,4,1,1,1,4,1,1,2,1,4,1,2
687,1,4,1,1,1,4,3,4,1,4,1,4,3
688,1,4,1,1,1,4,1,1,1,3,1,4,2
689,1,4,1,1,1,3,3,4,1,3,1,4,3
690,1,4,1,1,1,3,1,1,1,3,1,4,2
691,1,4,1,1,1,3,4,4,1,4,1,4,3
692,1,4,1,1,1,3,1,1,4,1,1,4,2
693,1,4,1,1,1,1,3,4,1,4,1,4,3
694,1,4,1,1,1,1,1,1,4,1,1,4,2
695,4,1,1,1,4,1,2,4,1,4,1,1,2
696,4,1,1,1,3,1,1,1,2,1,4,1,1
697,4,1,1,1,1,4,3,4,1,4,1,4,3
698,4,1,1,1,1,4,1,1,1,3,1,4,2
699,4,1,1,1,1,4,3,4,1,3,1,4,2
700,4,1,1,1,1,4,1,1,1,3,1,4,2
701,4,1,1,1,1,4,4,4,1,4,1,4,3
702,4,1,1,1,1,4,1,1,4,1,1,4,1
703,4,1,1,1,1,4,3,4,1,4,1,4,3
704,4,1,1,1,1,4,1,1,4,1,1,4,1
705,1,4,1,2,1,4,2,4,1,4,1,1,3
706,1,4,1,2,1,4,1,1,2,1,4,1,2
707,1,4,1,2,1,4,3,4,1,4,1,4,3
708,1,4,1,2,1,4,1,1,1,3,1,4,2
709,1,4,1,2,1,3,3,4,1,3,1,4,3
710,1,4,1,2,1,3,1,1,1,3,1,4,2
711,1,4,1,2,1,3,4,4,1,4,1,4,3
712,1,4,1,2,1,3,1,1,4,1,1,4,2
713,1,4,1,2,1,2,3,4,1,4,1,4,3
714,1,4,1,2,1,2,1,1,4,1,1,4,2
715,4,1,1,2,4,1,2,4,1,4,1,1,2
716,4,1,1,2,3,1,1,1,2,1,4,1,1
717,4,1,1,2,1,4,3,4,1,4,1,4,3
718,4,1,1,2,1,4,1,1,1,3,1,4,2
719,4,1,1,2,1,4,3,4,1,3,1,4,2
720,4,1,1,2,1,4,1,1,1,3,1,4,2
721,4,1,1,2,1,4,4,4,1,4,1,4,3
722,4,1,1,2,1,4,1,1,4,1,1,4,1
723,4,1,1,2,1,4,3,4,1,4,1,4,3
724,4,1,1,2,1,4,1,1,4,1,1,4,1
725,4,1,1,2,4,1,2,4,1,4,1,1,2
726,4,1,1,2,3,1,1,1,2,1,4,1,1
727,4,1,1,2,1,4,3,4,1,4,1,4,3
728,4,1,1,2,1,4,1,1,1,3,1,4,2
729,4,1,1,2,1,4,3,4,1,3,1,4,2
730,4,1,1,2,1,4,1,1,1,3,1,4,2
731,4,1,1,2,1,4,4,4,1,4,1,4,3
732,4,1,1,2,1,4,1,1,4,1,1,4,1
733,4,1,1,2,1,4,3,4,1,4,1,4,3
734,4,1,1,2,1,4,1,1,4,1,1,4,1
735,4,1,2,2,4,1,2,4,1,4,1,1,2
736,4,1,2,2,3,1,1,1,2,1,4,1,1
737,4,1,2,2,1,4,3,4,1,4,1,4,3
738,4,1,2,2,1,4,1,1,1,3,1,4,2
739,4,1,2,2,1,4,3,4,1,3,1,4,2
740,4,1,2,2,1,4,1,1,1,3,1,4,2
741,4,1,2,2,1,4,4,4,1,4,1,4,3
742,4,1,2,2,1,4,1,1,4,1,1,4,1
743,4,1,2,2,1,4,3,4,1,4,1,4,3
744,4,1,2,2,1,4,1,1,4,1,1,4,1
745,1,4,2,2,1,4,2,4,1,4,1,1,3
746,1,4,2,2,1,4,1,1,2,1,4,1,2
747,1,4,2,2,1,4,3,4,1,4,1,4,3
748,1,4,2,2,1,4,1,1,1,3,1,4,2
749,1,4,2,2,1,2,3,4,1,3,1,4,3
750,1,4,2,2,1,2,1,1,1,3,1,4,2
751,1,4,2,2,2,1,4,4,1,4,1,4,3
752,1,4,2,2,2,1,1,1,4,1,1,4,2
753,1,4,2,2,1,3,3,4,1,4,1,4,3
754,1,4,2,2,1,3,1,1,4,1,1,4,2
755,4,1,2,2,4,1,2,4,1,4,1,1,2
756,4,1,2,2,3,1,1,1,2,1,4,1,1
757,4,1,2,2,1,4,3,4,1,4,1,4,3
758,4,1,2,2,1,4,1,1,1,3,1,4,2
759,4,1,2,2,1,4,3,4,1,3,1,4,2
760,4,1,2,2,1,4,1,1,1,3,1,4,2
761,4,1,2,2,1,4,4,4,1,4,1,4,3
762,4,1,2,2,1,4,1,1,4,1,1,4,1
763,4,1,2,2,1,4,3,4,1,4,1,4,3
764,4,1,2,2,1,4,1,1,4,1,1,4,1
765,1,4,2,2,1,4,2,4,1,4,1,1,3
766,1,4,2,2,1,4,1,1,2,1,4,1,2
767,1,4,2,2,1,4,3,4,1,4,1,4,3
768,1,4,2,2,1,4,1,1,1,3,1,4,2
769,1,4,2,2,1,3,3,4,1,3,1,4,3
770,1,4,2,2,1,3,1,1,1,3,1,4,2
771,1,4,2,2,1,3,4,4,1,4,1,4,3
772,1,4,2,2,1,3,1,1,4,1,1,4,2
773,1,4,2,2,1,1,3,4,1,4,1,4,3
774,1,4,2,2,1,1,1,1,4,1,1,4,2
775,4,1,2,2,4,1,2,4,1,4,1,1,2
776,4,1,2,2,3,1,1,1,2,1,4,1,1
777,4,1,2,2,1,4,3,4,1,4,1,4,3
778,4,1,2,2,1,4,1,1,1,3,1,4,2
779,4,1,2,2,1,4,3,4,1,3,1,4,3
780,4,1,2,2,1,4,1,1,1,3,1,4,2
781,4,1,2,2,1,4,4,4,1,4,1,4,3
782,4,1,2,2,1,4,1,1,4,1,1,4,1
783,4,1,2,2,1,4,3,4,1,4,1,4,3
784,4,1,2,2,1,4,1,1,4,1,1,4,1
785,1,4,2,2,1,4,2,4,1,4,1,1,3
786,1,4,2,2,1,4,1,1,2,1,4,1,2
787,1,4,2,2,1,3,3,4,1,4,1,4,3
788,1,4,2,2,1,3,1,1,1,3,1,4,2
789,1,4,2,2,1,3,3,4,1,3,1,4,3
790,1,4,2,2,1,3,1,1,1,3,1,4,2
791,1,4,2,2,1,3,4,4,1,4,1,4,3
792,1,4,2,2,1,3,1,1,4,1,1,4,2
793,1,4,2,2,1,2,3,4,1,4,1,4,3
794,1,4,2,2,1,2,1,1,4,1,1,4,2
795,1,4,2,2,1,4,2,4,1,4,1,1,3
796,1,4,2,2,1,4,1,1,2,1,4,1,2
797,1,4,2,2,1,3,3,4,1,4,1,4,3
798,1,4,2,2,1,3,1,1,1,3,1,4,2
799,1,4,2,2,1,2,3,4,1,3,1,4,3
800,1,4,2,2,1,2,1,1,1,3,1,4,2
801,1,4,2,2,1,2,4,4,1,4,1,4,3
802,1,4,2,2,1,2,1,1,4,1,1,4,2
803,1,4,2,2,1,2,3,4,1,4,1,4,3
804,1,4,2,2,1,2,1,1,4,1,1,4,2
805,4,1,2,2,4,1,2,4,1,4,1,1,2
806,4,1,2,2,3,1,1,1,2,1,4,1,1
807,4,1,2,2,1,4,3,4,1,4,1,4,3
808,4,1,2,2,1,4,1,1,1,3,1,4,2
809,4,1,2,2,1,4,3,4,1,3,1,4,3
810,4,1,2,2,1,4,1,1,1,3,1,4,2
811,4,1,2,2,1,4,4,4,1,4,1,4,3
812,4,1,2,2,1,4,1,1,4,1,1,4,1
813,4,1,2,2,1,4,3,4,1,4,1,4,3
814,4,1,2,2,1,4,1,1,4,1,1,4,1
815,1,4,2,2,1,4,2,4,1,4,1,1,3
816,1,4,2,2,1,4,1,1,2,1,4,1,2
817,1,4,2,2,1,3,3,4,1,4,1,4,3
818,1,4,2,2,1,3,1,1,1,3,1,4,2
819,1,4,2,2,1,3,3,4,1,3,1,4,3
820,1,4,2,2,1,3,1,1,1,3,1,4,2
821,1,4,2,2,1,3,4,4,1,4,1,4,3
822,1,4,2,2,1,3,1,1,4,1,1,4,2
823,1,4,2,2,3,1,3,4,1,4,1,4,3
824,1,4,2,2,3,1,1,1,4,1,1,4,2
825,4,1,2,2,4,1,2,4,1,4,1,1,2
826,4,1,2,2,3,1,1,1,2,1,4,1,1
827,4,1,2,2,1,4,3,4,1,4,1,4,3
828,4,1,2,2,1,4,1,1,1,3,1,4,2
829,4,1,2,2,1,4,3,4,1,3,1,4,3
830,4,1,2,2,1,4,1,1,1,3,1,4,2
831,4,1,2,2,1,4,4,4,1,4,1,4,3
832,4,1,2,2,1,4,1,1,4,1,1,4,2
833,4,1,2,2,1,4,3,4,1,4,1,4,3
834,4,1,2,2,1,4,1,1,4,1,1,4,2
835,4,1,2,2,4,1,2,4,1,4,1,1,2
836,4,1,2,2,3,1,1,1,2,1,4,1,1
837,4,1,2,2,1,4,3,4,1,4,1,4,3
838,4,1,2,2,1,4,1,1,1,3,1,4,2
839,4,1,2,2,1,4,3,4,1,3,1,4,3
840,4,1,2,2,1,4,1,1,1,3,1,4,2
841,4,1,2,2,1,4,4,4,1,4,1,4,3
842,4,1,2,2,1,4,1,1,4,1,1,4,2
843,4,1,2,2,1,4,3,4,1,4,1,4,3
844,4,1,2,2,1,4,1,1,4,1,1,4,2
845,4,1,2,2,2,1,2,4,1,4,1,1,2
846,4,1,2,2,2,1,1,1,2,1,4,1,1
847,4,1,2,2,1,4,3,4,1,4,1,4,3
848,4,1,2,2,1,4,1,1,1,3,1,4,2
849,4,1,2,2,1,4,3,4,1,3,1,4,3
850,4,1,2,2,1,4,1,1,1,3,1,4,2
851,4,1,2,2,1,4,4,4,1,4,1,4,3
852,4,1,2,2,1,4,1,1,4,1,1,4,2
853,4,1,2,2,1,4,3,4,1,4,1,4,3
854,4,1,2,2,1,4,1,1,4,1,1,4,2
855,4,1,2,2,2,1,2,4,1,4,1,1,2
856,4,1,2,2,2,1,1,1,2,1,4,1,1
857,4,1,2,2,1,4,3,4,1,4,1,4,3
858,4,1,2,2,1,4,1,1,1,3,1,4,2
859,4,1,2,2,1,4,3,4,1,3,1,4,3
860,4,1,2,2,1,4,1,1,1,3,1,4,2
861,4,1,2,2,1,4,4,4,1,4,1,4,3
862,4,1,2,2,1,4,1,1,4,1,1,4,2
863,4,1,2,2,1,4,3,4,1,4,1,4,3
864,4,1,2,2,1,4,1,1,4,1,1,4,2
865,4,1,2,2,4,1,2,4,1,4,1,1,2
866,4,1,2,2,4,1,1,1,2,1,4,1,1
867,4,1,2,2,1,4,3,4,1,4,1,4,3
868,4,1,2,2,1,4,1,1,1,3,1,4,2
869,4,1,2,2,1,4,3,4,1,3,1,4,3
870,4,1,2,2,1,4,1,1,1,3,1,4,2
871,4,1,2,2,1,4,4,4,1,4,1,4,3
872,4,1,2,2,1,4,1,1,4,1,1,4,2
873,4,1,2,2,1,4,3,4,1,4,1,4,3
874,4,1,2,2,1,4,1,1,4,1,1,4,2
875,1,4,2,2,1,4,2,4,1,4,1,1,3
876,1,4,2,2,1,4,1,1,2,1,4,1,2
877,1,4,2,2,1,2,3,4,1,4,1,4,3
878,1,4,2,2,3,1,1,1,1,3,1,4,2
879,1,4,2,2,1,3,3,4,1,3,1,4,3
880,1,4,2,2,1,3,1,1,1,3,1,4,2
881,1,4,2,2,1,3,4,4,1,4,1,4,3
882,1,4,2,2,1,3,1,1,4,1,1,4,2
883,1,4,2,2,1,3,3,4,1,4,1,4,3
884,1,4,2,2,1,3,1,1,4,1,1,4,2
885,1,4,2,2,1,4,2,4,1,4,1,1,3
886,1,4,2,2,1,4,1,1,2,1,4,1,2
887,1,4,2,2,1,3,3,4,1,4,1,4,3
888,1,4,2,2,1,3,1,1,1,3,1,4,2
889,1,4,2,2,1,2,3,4,1,3,1,4,3
890,1,4,2,2,1,2,1,1,1,3,1,4,2
891,1,4,2,2,3,1,4,4,1,4,1,4,3
892,1,4,2,2,3,1,1,1,4,1,1,4,2
893,1,4,2,2,1,3,3,4,1,4,1,4,3
894,1,4,2,2,1,3,1,1,4,1,1,4,2
895,4,1,2,2,4,1,2,4,1,4,1,1,2
896,4,1,2,2,4,1,1,1,2,1,4,1,1
897,4,1,2,2,1,4,3,4,1,4,1,4,3
898,4,1,2,2,1,4,1,1,1,3,1,4,2
899,4,1,2,2,1,4,3,4,1,3,1,4,3
900,4,1,2,2,1,4,1,1,1,3,1,4,2
901,4,1,2,2,1,4,4,4,1,4,1,4,3
902,4,1,2,2,1,4,1,1,4,1,1,4,2
903,4,1,2,2,1,4,3,4,1,4,1,4,3
904,4,1,2,2,1,4,1,1,4,1,1,4,2
905,1,4,2,2,1,4,2,4,1,4,1,1,3
906,1,4,2,2,1,4,1,1,2,1,4,1,2
907,1,4,2,2,1,4,3,4,1,4,1,4,3
908,1,4,2,2,1,4,1,1,1,3,1,4,2
909,1,4,2,2,1,1,3,4,1,3,1,4,3
910,1,4,2,2,3,1,1,1,1,3,1,4,2
911,1,4,2,2,1,2,4,4,1,4,1,4,3
912,1,4,2,2,1,2,1,1,4,1,1,4,2
913,1,4,2,2,1,3,3,4,1,4,1,4,3
914,1,4,2,2,1,3,1,1,4,1,1,4,2
915,1,4,2,2,1,4,2,4,1,4,1,1,3
916,1,4,2,2,1,4,1,1,2,1,4,1,2
917,1,4,2,2,1,4,3,4,1,4,1,4,3
918,1,4,2,2,1,4,1,1,1,3,1,4,2
919,1,4,2,2,1,3,3,4,1,3,1,4,3
920,1,4,2,2,1,3,1,1,1,3,1,4,2
921,1,4,2,2,1,3,4,4,1,4,1,4,3
922,1,4,2,2,1,3,1,1,4,1,1,4,2
923,1,4,2,2,1,1,3,4,1,4,1,4,3
924,1,4,2,2,1,1,1,1,4,1,1,4,2
925,4,1,2,2,4,1,2,4,1,4,1,1,2
926,4,1,2,2,3,1,1,1,2,1,4,1,1
927,4,1,2,2,1,4,3,4,1,4,1,4,3
928,4,1,2,2,1,4,1,1,1,3,1,4,2
929,4,1,2,2,1,4,3,4,1,3,1,4,3
930,4,1,2,2,1,4,1,1,1,3,1,4,2
931,4,1,2,2,1,4,4,4,1,4,1,4,3
932,4,1,2,2,1,4,1,1,4,1,1,4,2
933,4,1,2,2,1,4,3,4,1,4,1,4,3
934,4,1,2,2,1,4,1,1,4,1,1,4,2
935,4,1,2,2,4,1,2,4,1,4,1,1,2
936,4,1,2,2,3,1,1,1,2,1,4,1,1
937,4,1,2,2,1,4,3,4,1,4,1,4,3
938,4,1,2,2,1,4,1,1,1,3,1,4,2
939,4,1,2,2,1,4,3,4,1,3,1,4,3
940,4,1,2,2,1,4,1,1,1,3,1,4,2
941,4,1,2,2,1,4,4,4,1,4,1,4,3
942,4,1,2,2,1,4,1,1,4,1,1,4,2
943,4,1,2,2,1,4,3,4,1,4,1,4,3
944,4,1,2,2,1,4,1,1,4,1,1,4,2
945,4,1,2,2,4,1,2,4,1,4,1,1,2
946,4,1,2,2,3,1,1,1,2,1,4,1,1
947,4,1,2,2,1,4,3,4,1,4,1,4,3
948,4,1,2,2,1,4,1,1,1,3,1,4,2
949,4,1,2,2,1,4,3,4,1,3,1,4,3
950,4,1,2,2,1,4,1,1,1,3,1,4,2
951,4,1,2,2,1,4,4,4,1,4,1,4,3
952,4,1,2,2,1,4,1,1,4,1,1,4,2
953,4,1,2,2,1,4,3,4,1,4,1,4,3
954,4,1,2,2,1,4,1,1,4,1,1,4,2
955,4,1,2,2,4,1,2,4,1,4,1,1,2
956,4,1,2,2,3,1,1,1,2,1,4,1,1
957,4,1,2,2,1,4,3,4,1,4,1,4,3
958,4,1,2,2,1,4,1,1,1,3,1,4,2
959,4,1,2,2,1,4,3,4,1,3,1,4,3
960,4,1,2,2,1,4,1,1,1,3,1,4,2
961,4,1,2,2,1,4,4,4,1,4,1,4,3
962,4,1,2,2,1,4,1,1,4,1,1,4,2
963,4,1,2,2,1,4,3,4,1,4,1,4,3
964,4,1,2,2,1,4,1,1,4,1,1,4,2
965,4,1,2,2,4,1,2,4,1,4,1,1,2
966,4,1,2,2,3,1,1,1,2,1,4,1,1
967,4,1,2,2,1,4,3,4,1,4,1,4,3
968,4,1,2,2,1,4,1,1,1,3,1,4,2
969,4,1,2,2,1,4,3,4,1,3,1,4,3
970,4,1,2,2,1,4,1,1,1,3,1,4,2
971,4,1,2,2,1,4,4,4,1,4,1,4,3
972,4,1,2,2,1,4,1,1,4,1,1,4,2
973,4,1,2,2,1,4,3,4,1,4,1,4,3
974,4,1,2,2,1,4,1,1,4,1,1,4,2
975,1,4,2,2,1,4,2,4,1,4,1,1,3
976,1,4,2,2,1,4,1,1,2,1,4,1,2
977,1,4,2,2,1,4,3,4,1,4,1,4,3
978,1,4,2,2,1,4,1,1,1,3,1,4,2
979,1,4,2,2,1,3,3,4,1,3,1,4,3
980,1,4,2,2,1,3,1,1,1,3,1,4,2
981,1,4,2,2,1,3,4,4,1,4,1,4,4
982,1,4,2,2,1,3,1,1,4,1,1,4,2
983,1,4,2,2,3,1,3,4,1,4,1,4,3
984,1,4,2,2,3,1,1,1,4,1,1,4,2
985,4,1,2,2,4,1,2,4,1,4,1,1,2
986,4,1,2,2,3,1,1,1,2,1,4,1,1
987,4,1,2,2,1,4,3,4,1,4,1,4,3
988,4,1,2,2,1,4,1,1,1,3,1,4,2
989,4,1,2,2,1,4,3,4,1,3,1,4,3
990,4,1,2,2,1,4,1,1,1,3,1,4,2
991,4,1,2,2,1,4,4,4,1,4,1,4,3
992,4,1,2,2,1,4,1,1,4,1,1,4,2
993,4,1,2,2,1,4,3,4,1,4,1,4,3
994,4,1,2,2,1,4,1,1,4,1,1,4,2
995,4,1,2,2,4,1,2,4,1,4,1,1,2
996,4,1,2,2,3,1,1,1,2,1,4,1,1
997,4,1,2,2,1,4,3,4,1,4,1,4,3
998,4,1,2,2,1,4,1,1,1,3,1,4,2
999,4,1,2,2,1,4,3,4,1,3,1,4,3
1000,4,1,2,2,1,4,1,1,1,3,1,4,2
1001,4,1,2,2,1,4,4,4,1,4,1,4,3
1002,4,1,2,2,1,4,1,1,4,1,1,4,2
1003,4,1,2,2,1,4,3,4,1,4,1,4,3
1004,4,1,2,2,1,4,1,1,4,1,1,4,2
1005,4,1,2,2,4,1,2,4,1,4,1,1,2
1006,4,1,2,2,4,1,1,1,2,1,4,1,1
1007,4,1,2,2,1,4,3,4,1,4,1,4,3
1008,4,1,2,2,1,4,1,1,1,3,1,4,2
1009,4,1,2,2,1,4,3,4,1,3,1,4,3
1010,4,1,2,2,1,4,1,1,1,3,1,4,2
1011,4,1,2,2,1,4,4,4,1,4,1,4,3
1012,4,1,2,2,1,4,1,1,4,1,1,4,2
1013,4,1,2,2,1,4,3,4,1,4,1,4,3
1014,4,1,2,2,1,4,1,1,4,1,1,4,2
1015,4,1,2,2,4,1,2,4,1,4,1,1,2
1016,4,1,2,2,4,1,1,1,2,1,4,1,1
1017,4,1,2,2,1,4,3,4,1,4,1,4,3
1018,4,1,2,2,1,4,1,1,1,3,1,4,2
1019,4,1,2,2,1,4,3,4,1,3,1,4,3
1020,4,1,2,2,1,4,1,1,1,3,1,4,2
1021,4,1,2,2,1,4,4,4,1,4,1,4,3
1022,4,1,2,2,1,4,1,1,4,1,1,4,2
1023,4,1,2,2,1,4,3,4,1,4,1,4,3
1024,4,1,2,2,1,4,1,1,4,1,1,4,2
1025,1,4,2,2,1,4,2,4,1,4,1,1,3
1026,1,4,2,2,1,4,1,1,2,1,4,1,2
1027,1,4,2,2,1,4,3,4,1,4,1,4,3
1028,1,4,2,2,1,4,1,1,1,3,1,4,2
1029,1,4,2,2,1,3,3,4,1,3,1,4,3
1030,1,4,2,2,1,3,1,1,1,3,1,4,2
1031,1,4,2,2,1,3,4,4,1,4,1,4,4
1032,1,4,2,2,1,3,1,1,4,1,1,4,2
1033,1,4,2,2,1,1,3,4,1,4,1,4,4
1034,1,4,2,2,1,1,1,1,4,1,1,4,2
1035,4,1,2,2,2,1,2,4,1,4,1,1,2
1036,4,1,2,2,2,1,1,1,2,1,4,1,1
1037,4,1,2,2,1,4,3,4,1,4,1,4,3
1038,4,1,2,2,1,4,1,1,1,3,1,4,2
1039,4,1,2,2,1,4,3,4,1,3,1,4,3
1040,4,1,2,2,1,4,1,1,1,3,1,4,2
1041,4,1,2,2,1,4,4,4,1,4,1,4,3
1042,4,1,2,2,1,4,1,1,4,1,1,4,2
1043,4,1,2,2,1,4,3,4,1,4,1,4,3
1044,4,1,2,2,1,4,1,1,4,1,1,4,2
1045,1,4,2,2,1,4,2,4,1,4,1,1,3
1046,1,4,2,2,1,4,1,1,2,1,4,1,2
1047,1,4,2,2,1,4,3,4,1,4,1,4,4
1048,1,4,2,2,1,4,1,1,1,3,1,4,2
1049,1,4,2,2,1,2,3,4,1,3,1,4,3
1050,1,4,2,2,1,2,1,1,1,3,1,4,2
1051,1,4,2,2,2,1,4,4,1,4,1,4,4
1052,1,4,2,2,1,3,3,4,1,4,1,4,4
1053,1,4,2,2,1,3,1,1,4,1,1,4,2
1054,4,1,2,2,2,1,2,4,1,4,1,1,2
1055,4,1,2,2,2,1,1,1,2,1,4,1,1
1056,4,1,2,2,1,4,3,4,1,4,1,4,3
1057,4,1,2,2,1,4,1,1,1,3,1,4,2
1058,4,1,2,2,1,4,3,4,1,3,1,4,3
1059,4,1,2,2,1,4,1,1,1,3,1,4,2
1060,4,1,2,2,1,4,4,4,1,4,1,4,3
1061,4,1,2,2,1,4,1,1,4,1,1,4,2
1062,4,1,2,2,1,4,3,4,1,4,1,4,3
1063,4,1,2,2,1,4,1,1,4,1,1,4,2
1064,4,1,2,2,4,1,2,4,1,4,1,1,2
1065,4,1,2,2,4,1,1,1,2,1,4,1,1
1066,4,1,2,2,1,4,3,4,1,4,1,4,3
1067,4,1,2,2,1,4,1,1,1,3,1,4,2
1068,4,1,2,2,1,4,3,4,1,3,1,4,3
1069,4,1,2,2,1,4,1,1,1,3,1,4,2
1070,4,1,2,2,1,4,4,4,1,4,1,4,3
1071,4,1,2,2,1,4,1,1,4,1,1,4,2
1072,4,1,2,2,1,4,3,4,1,4,1,4,3
1073,4,1,2,2,1,4,1,1,4,1,1,4,2
1074,1,4,2,2,1,4,2,4,1,4,1,1,3
1075,1,4,2,2,1,4,1,1,2,1,4,1,2
1076,1,4,2,2,1,3,3,4,1,4,1,4,4
1077,1,4,2,2,1,3,1,1,1,3,1,4,3
1078,1,4,2,2,1,3,3,4,1,3,1,4,3
1079,1,4,2,2,1,3,1,1,1,3,1,4,2
1080,1,4,2,2,1,3,4,4,1,4,1,4,4
1081,1,4,2,2,1,3,1,1,4,1,1,4,2
1082,1,4,2,2,1,1,3,4,1,4,1,4,4
1083,1,4,2,2,1,1,1,1,4,1,1,4,2
1084,4,1,2,2,2,1,2,4,1,4,1,1,2
1085,4,1,2,2,2,1,1,1,2,1,4,1,1
1086,4,1,2,2,1,4,3,4,1,4,1,4,3
1087,4,1,2,2,1,4,1,1,1,3,1,4,2
1088,4,1,2,2,1,4,3,4,1,3,1,4,3
1089,4,1,2,2,1,4,1,1,1,3,1,4,2
1090,4,1,2,2,1,4,4,4,1,4,1,4,3
1091,4,1,2,2,1,4,1,1,4,1,1,4,2
1092,4,1,2,2,1,4,3,4,1,4,1,4,3
1093,4,1,2,2,1,4,1,1,4,1,1,4,2
1094,1,4,2,2,1,4,2,4,1,4,1,1,3
1095,1,4,2,2,1,4,1,1,2,1,4,1,2
1096,1,4,2,2,1,3,3,4,1,4,1,4,4
1097,1,4,2,2,1,3,1,1,1,3,1,4,3
1098,1,4,2,2,1,2,3,4,1,3,1,4,3
1099,1,4,2,2,1,2,1,1,1,3,1,4,2
1100,1,4,2,2,1,2,4,4,1,4,1,4,4
1101,1,4,2,2,1,2,1,1,4,1,1,4,2
1102,1,4,2,2,2,1,3,4,1,4,1,4,4
1103,1,4,2,2,2,1,1,1,4,1,1,4,2
1104,4,1,2,2,4,1,2,4,1,4,1,1,2
1105,4,1,2,2,4,1,1,1,2,1,4,1,1
1106,4,1,2,2,1,4,3,4,1,4,1,4,3
1107,4,1,2,2,1,4,1,1,1,3,1,4,2
1108,4,1,2,2,1,4,3,4,1,3,1,4,3
1109,4,1,2,2,1,4,1,1,1,3,1,4,2
1110,4,1,2,2,1,4,4,4,1,4,1,4,3
1111,4,1,2,2,1,4,1,1,4,1,1,4,2
1112,4,1,2,2,1,4,3,4,1,4,1,4,3
1113,4,1,2,2,1,4,1,1,4,1,1,4,2
1114,4,1,2,2,4,1,2,4,1,4,1,1,2
1115,4,1,2,2,4,1,1,1,2,1,4,1,1
1116,4,1,2,2,1,4,3,4,1,4,1,4,3
1117,4,1,2,2,1,4,1,1,1,3,1,4,2
1118,4,1,2,2,1,4,3,4,1,3,1,4,3
1119,4,1,2,2,1,4,1,1,1,3,1,4,2
1120,4,1,2,2,1,4,4,4,1,4,1,4,3
1121,4,1,2,2,1,4,1,1,4,1,1,4,2
1122,4,1,2,2,1,4,3,4,1,4,1,4,3
1123,4,1,2,2,1,4,1,1,4,1,1,4,2
1124,4,1,2,2,4,1,2,4,1,4,1,1,2
1125,4,1,2,2,4,1,1,1,2,1,4,1,1
1126,4,1,2,2,1,4,3,4,1,4,1,4,3
1127,4,1,2,2,1,4,1,1,1,3,1,4,2
1128,4,1,2,2,1,4,3,4,1,3,1,4,3
1129,4,1,2,2,1,4,1,1,1,3,1,4,2
1130,4,1,2,2,1,4,4,4,1,4,1,4,3
1131,4,1,2,2,1,4,1,1,4,1,1,4,2
1132,4,1,2,2,1,4,3,4,1,4,1,4,3
1133,4,1,2,2,1,4,1,1,4,1,1,4,2
1134,1,4,2,2,1,4,2,4,1,4,1,1,3
1135,1,4,2,2,1,4,1,1,2,1,4,1,2
1136,1,4,2,2,1,3,3,4,1,4,1,4,4
1137,1,4,2,2,1,3,1,1,1,3,1,4,3
1138,1,4,2,2,1,2,3,4,1,3,1,4,3
1139,1,4,2,2,1,2,1,1,1,3,1,4,2
1140,1,4,2,2,1,2,4,4,1,4,1,4,4
1141,1,4,2,2,1,2,1,1,4,1,1,4,2
1142,1,4,2,2,1,1,3,4,1,4,1,4,4
1143,1,4,2,2,1,1,1,1,4,1,1,4,2
1144,4,1,2,2,2,1,2,4,1,4,1,1,2
1145,4,1,2,2,2,1,1,1,2,1,4,1,1
1146,4,1,2,2,1,4,3,4,1,4,1,4,3
1147,4,1,2,2,1,4,1,1,1,3,1,4,2
1148,4,1,2,2,1,4,3,4,1,3,1,4,3
1149,4,1,2,2,1,4,1,1,1,3,1,4,2
1150,4,1,2,2,1,4,4,4,1,4,1,4,3
1151,4,1,2,2,1,4,1,1,4,1,1,4,2
1152,4,1,2,2,1,4,3,4,1,4,1,4,3
1153,4,1,2,2,1,4,1,1,4,1,1,4,2
1154,4,1,2,2,4,1,2,4,1,4,1,1,2
1155,4,1,2,2,4,1,1,1,2,1,4,1,1
1156,4,1,2,2,1,4,3,4,1,4,1,4,3
1157,4,1,2,2,1,4,1,1,1,3,1,4,2
1158,4,1,2,2,1,4,3,4,1,3,1,4,3
1159,4,1,2,2,1,4,1,1,1,3,1,4,2
1160,4,1,2,2,1,4,4,4,1,4,1,4,3
1161,4,1,2,2,1,4,1,1,4,1,1,4,2
1162,4,1,2,2,1,4,3,4,1,4,1,4,3
1163,4,1,2,2,1,4,1,1,4,1,1,4,2
1164,4,1,2,2,4,1,2,4,1,4,1,1,2
1165,4,1,2,2,4,1,1,1,2,1,4,1,1
1166,4,1,2,2,1,4,3,4,1,4,1,4,3
1167,4,1,2,2,1,4,1,1,1,3,1,4,2
1168,4,1,2,2,1,4,3,4,1,3,1,4,3
1169,4,1,2,2,1,4,1,1,1,3,1,4,2
1170,4,1,2,2,1,4,4,4,1,4,1,4,3
1171,4,1,2,2,1,4,1,1,4,1,1,4,2
1172,4,1,2,2,1,4,3,4,1,4,1,4,3
1173,4,1,2,2,1,4,1,1,4,1,1,4,2
1174,1,4,2,2,1,4,2,4,1,4,1,1,3
1175,1,4,2,2,1,4,1,1,2,1,4,1,2
1176,1,4,2,2,1,3,3,4,1,4,1,4,4
1177,1,4,2,2,1,3,1,1,1,3,1,4,3
1178,1,4,2,2,1,2,3,4,1,3,1,4,3
1179,1,4,2,2,1,2,1,1,1,3,1,4,2
1180,1,4,2,2,1,2,4,4,1,4,1,4,4
1181,1,4,2,2,1,2,1,1,4,1,1,4,2
1182,1,4,2,2,1,1,3,4,1,4,1,4,4
1183,1,4,2,2,1,1,1,1,4,1,1,4,2
1184,1,1,2,2,4,1,1,1,2,1,4,1,1
1185,1,1,2,2,1,4,3,4,1,4,1,4,3
1186,1,1,2,2,1,4,1,1,1,3,1,4,2
1187,1,1,2,2,1,4,3,4,1,3,1,4,3
1188,1,1,2,2,1,4,1,1,1,3,1,4,2
1189,1,1,2,2,1,4,4,4,1,4,1,4,3
1190,1,1,2,2,1,4,1,1,4,1,1,4,2
1191,1,1,2,2,1,4,3,4,1,4,1,4,3
1192,1,1,2,2,1,4,1,1,4,1,1,4,2
1193,4,1,2,2,4,1,2,4,1,4,1,1,2
1194,4,1,2,2,4,1,1,1,2,1,4,1,1
1195,4,1,2,2,1,4,3,4,1,4,1,4,3
1196,4,1,2,2,1,4,1,1,1,3,1,4,2
1197,4,1,2,2,1,4,3,4,1,3,1,4,3
1198,4,1,2,2,1,4,1,1,1,3,1,4,2
1199,4,1,2,2,1,4,4,4,1,4,1,4,3
1200,4,1,2,2,1,4,1,1,4,1,1,4,2
1201,4,1,2,2,1,4,3,4,1,4,1,4,3
1202,4,1,2,2,1,4,1,1,4,1,1,4,2
1203,1,4,2,2,1,4,2,4,1,4,1,1,3
1204,1,4,2,2,1,4,1,1,2,1,4,1,2
1205,1,4,2,2,1,3,3,4,1,4,1,4,4
1206,1,4,2,2,1,3,1,1,1,3,1,4,3
1207,1,4,2,2,1,3,3,4,1,3,1,4,3
1208,1,4,2,2,1,3,1,1,1,3,1,4,3
1209,1,4,2,2,1,3,4,4,1,4,1,4,4
1210,1,4,2,2,1,3,1,1,4,1,1,4,2
1211,1,4,2,2,1,2,3,4,1,4,1,4,4
1212,1,4,2,2,1,2,1,1,4,1,1,4,2
1213,1,4,2,2,1,4,2,4,1,4,1,1,3
1214,1,4,2,2,1,4,1,1,2,1,4,1,2
1215,1,4,2,2,1,4,3,4,1,4,1,4,4
1216,1,4,2,2,1,4,1,1,1,3,1,4,3
1217,1,4,2,2,1,3,3,4,1,3,1,4,3
1218,1,4,2,2,1,3,1,1,1,3,1,4,3
1219,1,4,2,2,1,3,4,4,1,4,1,4,4
1220,1,4,2,2,1,3,1,1,4,1,1,4,2
1221,1,4,2,2,1,1,3,4,1,4,1,4,4
1222,1,4,2,2,1,1,1,1,4,1,1,4,2
1223,4,1,2,2,4,1,2,4,1,4,1,1,2
1224,4,1,2,2,4,1,1,1,2,1,4,1,1
1225,4,1,2,2,1,4,3,4,1,4,1,4,3
1226,4,1,2,2,1,4,1,1,1,3,1,4,2
1227,4,1,2,2,1,4,3,4,1,3,1,4,3
1228,4,1,2,2,1,4,1,1,1,3,1,4,2
1229,4,1,2,2,1,4,4,4,1,4,1,4,3
1230,4,1,2,2,1,4,1,1,4,1,1,4,2
1231,4,1,2,2,1,4,3,4,1,4,1,4,3
1232,4,1,2,2,1,4,1,1,4,1,1,4,2
1233,1,4,2,2,1,4,2,4,1,4,1,1,3
1234,1,4,2,2,1,4,1,1,2,1,4,1,2
1235,1,4,2,2,1,4,3,4,1,4,1,4,4
1236,1,4,2,2,1,4,1,1,1,3,1,4,3
1237,1,4,2,2,1,2,3,4,1,3,1,4,3
1238,1,4,2,2,3,1,1,1,1,3,1,4,2
1239,1,4,2,2,1,2,4,4,1,4,1,4,4
1240,1,4,2,2,1,2,1,1,4,1,1,4,2
1241,1,4,2,2,1,3,3,4,1,4,1,4,4
1242,1,4,2,2,1,3,1,1,4,1,1,4,2
1243,4,1,2,2,4,1,2,4,1,4,1,1,2
1244,4,1,2,2,4,1,1,1,2,1,4,1,1
1245,4,1,2,2,1,4,3,4,1,4,1,4,3
1246,4,1,2,2,1,4,1,1,1,3,1,4,2
1247,4,1,2,2,1,4,3,4,1,3,1,4,3
1248,4,1,2,2,1,4,1,1,1,3,1,4,2
1249,4,1,2,2,1,4,4,4,1,4,1,4,3
1250,4,1,2,2,1,4,1,1,4,1,1,4,2
1251,4,1,2,2,1,4,3,4,1,4,1,4,3
1252,4,1,2,2,1,4,1,1,4,1,1,4,2
1253,4,1,2,2,4,1,2,4,1,4,1,1,2
1254,4,1,2,2,4,1,1,1,2,1,4,1,1
1255,4,1,2,2,1,4,3,4,1,4,1,4,3
1256,4,1,2,2,1,4,1,1,1,3,1,4,2
1257,4,1,2,2,1,4,3,4,1,3,1,4,3
1258,4,1,2,2,1,4,1,1,1,3,1,4,2
1259,4,1,2,2,1,4,4,4,1,4,1,4,3
1260,4,1,2,2,1,4,1,1,4,1,1,4,2
1261,4,1,2,2,1,4,3,4,1,4,1,4,3
1262,4,1,2,2,1,4,1,1,4,1,1,4,2
1263,4,1,2,2,4,1,2,4,1,4,1,1,2
1264,4,1,2,2,3,1,1,1,2,1,4,1,1
1265,4,1,2,2,1,4,3,4,1,4,1,4,3
1266,4,1,2,2,1,4,1,1,1,3,1,4,2
1267,4,1,2,2,1,4,3,4,1,3,1,4,3
1268,4,1,2,2,1,4,1,1,1,3,1,4,2
1269,4,1,2,2,1,4,4,4,1,4,1,4,3
1270,4,1,2,2,1,4,1,1,4,1,1,4,2
1271,4,1,2,2,1,4,3,4,1,4,1,4,3
1272,4,1,2,2,1,4,1,1,4,1,1,4,2
1273,4,1,2,2,4,1,2,4,1,4,1,1,2
1274,4,1,2,2,3,1,1,1,2,1,4,1,1
1275,4,1,2,2,1,4,3,4,1,4,1,4,3
1276,4,1,2,2,1,4,1,1,1,3,1,4,2
1277,4,1,2,2,1,4,3,4,1,3,1,4,3
1278,4,1,2,2,1,4,1,1,1,3,1,4,2
1279,4,1,2,2,1,4,4,4,1,4,1,4,3
1280,4,1,2,2,1,4,1,1,4,1,1,4,2
1281,4,1,2,2,1,4,3,4,1,4,1,4,3
1282,4,1,2,2,1,4,1,1,4,1,1,4,2
1283,1,4,2,2,1,4,2,4,1,4,1,1,3
1284,1,4,2,2,1,4,1,1,2,1,4,1,2
1285,1,4,2,2,1,4,3,4,1,4,1,4,4
1286,1,4,2,2,1,4,1,1,1,3,1,4,3
1287,1,4,2,2,1,3,3,4,1,3,1,4,4
1288,1,4,2,2,1,3,1,1,1,3,1,4,3
1289,1,4,2,2,1,3,4,4,1,4,1,4,4
1290,1,4,2,2,1,3,1,1,4,1,1,4,2
1291,1,4,2,2,1,1,3,4,1,4,1,4,4
1292,1,4,2,2,1,1,1,1,4,1,1,4,2
1293,1,4,3,2,1,4,2,4,1,4,1,1,3
1294,1,4,3,2,1,4,1,1,2,1,4,1,2
1295,1,4,3,2,1,3,3,4,1,4,1,4,4
1296,1,4,3,2,1,3,1,1,1,3,1,4,3
1297,1,4,3,2,1,2,3,4,1,3,1,4,4
1298,1,4,3,2,3,1,1,1,1,3,1,4,3
1299,1,4,3,2,1,2,4,4,1,4,1,4,4
1300,1,4,3,2,1,2,1,1,4,1,1,4,2
1301,1,4,3,2,1,3,3,4,1,4,1,4,4
1302,1,4,3,2,1,3,1,1,4,1,1,4,2
1303,1,4,3,2,1,4,2,4,1,4,1,1,3
1304,1,4,3,2,1,4,1,1,2,1,4,1,2
1305,1,4,3,2,1,3,3,4,1,4,1,4,4
1306,1,4,3,2,1,3,1,1,1,3,1,4,3
1307,1,4,3,2,1,3,3,4,1,3,1,4,4
1308,1,4,3,2,1,3,1,1,1,3,1,4,3
1309,1,4,3,2,1,3,4,4,1,4,1,4,4
1310,1,4,3,2,1,3,1,1,4,1,1,4,2
1311,1,4,3,2,1,1,3,4,1,4,1,4,4
1312,1,4,3,2,1,1,1,1,4,1,1,4,2
1313,1,1,3,3,4,1,1,1,2,1,4,1,1
1314,1,1,3,3,1,4,3,4,1,4,1,4,3
1315,1,1,3,3,1,4,1,1,1,3,1,4,2
1316,1,1,3,3,1,4,3,4,1,3,1,4,3
1317,1,1,3,3,1,4,1,1,1,3,1,4,2
1318,1,1,3,3,1,4,4,4,1,4,1,4,3
1319,1,1,3,3,1,4,1,1,4,1,1,4,2
1320,1,1,3,3,1,4,3,4,1,4,1,4,3
1321,1,1,3,3,1,4,1,1,4,1,1,4,2
1322,4,1,3,3,4,1,2,4,1,4,1,1,2
1323,4,1,3,3,4,1,1,1,2,1,4,1,1
1324,4,1,3,3,1,4,3,4,1,4,1,4,3
1325,4,1,3,3,1,4,1,1,1,3,1,4,2
1326,4,1,3,3,1,4,3,4,1,3,1,4,3
1327,4,1,3,3,1,4,1,1,1,3,1,4,2
1328,4,1,3,3,1,4,4,4,1,4,1,4,3
1329,4,1,3,3,1,4,1,1,4,1,1,4,2
1330,4,1,3,3,1,4,3,4,1,4,1,4,3
1331,4,1,3,3,1,4,1,1,4,1,1,4,2
1332,1,4,3,3,1,4,2,4,1,4,1,1,3
1333,1,4,3,3,1,4,1,1,2,1,4,1,2
1334,1,4,3,3,1,3,3,4,1,4,1,4,4
1335,1,4,3,3,1,3,1,1,1,3,1,4,3
1336,1,4,3,3,1,1,3,4,1,3,1,4,4
1337,1,4,3,3,1,2,4,4,1,4,1,4,4
1338,1,4,3,3,1,2,1,1,4,1,1,4,2
1339,1,4,3,3,1,3,3,4,1,4,1,4,4
1340,1,4,3,3,1,3,1,1,4,1,1,4,2
1341,4,1,3,3,4,1,2,4,1,4,1,1,2
1342,4,1,3,3,4,1,1,1,2,1,4,1,1
1343,4,1,3,3,1,4,3,4,1,4,1,4,3
1344,4,1,3,3,1,4,1,1,1,3,1,4,2
1345,4,1,3,3,1,4,3,4,1,3,1,4,3
1346,4,1,3,3,1,4,1,1,1,3,1,4,2
1347,4,1,3,3,1,4,4,4,1,4,1,4,3
1348,4,1,3,3,1,4,1,1,4,1,1,4,2
1349,4,1,3,3,1,4,3,4,1,4,1,4,3
1350,4,1,3,3,1,4,1,1,4,1,1,4,2
1351,1,4,3,3,1,4,2,4,1,4,1,1,3
1352,1,4,3,3,1,4,1,1,2,1,4,1,2
1353,1,4,3,3,1,3,3,4,1,4,1,4,4
1354,1,4,3,3,1,3,1,1,1,3,1,4,3
1355,1,4,3,3,1,3,3,4,1,3,1,4,4
1356,1,4,3,3,1,3,1,1,1,3,1,4,3
1357,1,4,3,3,1,3,4,4,1,4,1,4,4
1358,1,4,3,3,1,3,1,1,4,1,1,4,2
1359,1,4,3,3,1,1,3,4,1,4,1,4,4
1360,1,4,3,3,1,1,1,1,4,1,1,4,2
1361,4,1,3,3,4,1,2,4,1,4,1,1,2
1362,4,1,3,3,4,1,1,1,2,1,4,1,1
1363,4,1,3,3,1,4,3,4,1,4,1,4,3
1364,4,1,3,3,1,4,1,1,1,3,1,4,2
1365,4,1,3,3,1,4,3,4,1,3,1,4,3
1366,4,1,3,3,1,4,1,1,1,3,1,4,2
1367,4,1,3,3,1,4,4,4,1,4,1,4,3
1368,4,1,3,3,1,4,1,1,4,1,1,4,2
1369,4,1,3,3,1,4,3,4,1,4,1,4,3
1370,4,1,3,3,1,4,1,1,4,1,1,4,2
1371,4,1,3,3,4,1,2,4,1,4,1,1,2
1372,4,1,3,3,4,1,1,1,2,1,4,1,1
1373,4,1,3,3,1,4,3,4,1,4,1,4,3
1374,4,1,3,3,1,4,1,1,1,3,1,4,2
1375,4,1,3,3,1,4,3,4,1,3,1,4,3
1376,4,1,3,3,1,4,1,1,1,3,1,4,2
1377,4,1,3,3,1,4,4,4,1,4,1,4,3
1378,4,1,3,3,1,4,1,1,4,1,1,4,2
1379,4,1,3,3,1,4,3,4,1,4,1,4,3
1380,4,1,3,3,1,4,1,1,4,1,1,4,2
1381,4,1,3,3,4,1,2,4,1,4,1,1,2
1382,4,1,3,3,4,1,1,1,2,1,4,1,1
1383,4,1,3,3,1,4,3,4,1,4,1,4,3
1384,4,1,3,3,1,4,1,1,1,3,1,4,2
1385,4,1,3,3,1,4,3,4,1,3,1,4,3
1386,4,1,3,3,1,4,1,1,1,3,1,4,2
1387,4,1,3,3,1,4,4,4,1,4,1,4,3
1388,4,1,3,3,1,4,1,1,4,1,1,4,2
1389,4,1,3,3,1,4,3,4,1,4,1,4,3
1390,4,1,3,3,1,4,1,1,4,1,1,4,2
1391,4,1,3,3,4,1,2,4,1,4,1,1,2
1392,4,1,3,3,4,1,1,1,2,1,4,1,1
1393,4,1,3,3,1,4,3,4,1,4,1,4,3
1394,4,1,3,3,1,4,1,1,1,3,1,4,2
1395,4,1,3,3,1,4,3,4,1,3,1,4,3
1396,4,1,3,3,1,4,1,1,1,3,1,4,2
1397,4,1,3,3,1,4,4,4,1,4,1,4,3
1398,4,1,3,3,1,4,1,1,4,1,1,4,2
1399,4,1,3,3,1,4,3,4,1,4,1,4,3
1400,4,1,3,3,1,4,1,1,4,1,1,4,2
1401,4,1,3,3,4,1,2,4,1,4,1,1,2
1402,4,1,3,3,4,1,1,1,2,1,4,1,1
1403,4,1,3,3,1,4,3,4,1,4,1,4,3
1404,4,1,3,3,1,4,1,1,1,3,1,4,2
1405,4,1,3,3,1,4,3,4,1,3,1,4,3
1406,4,1,3,3,1,4,1,1,1,3,1,4,2
1407,4,1,3,3,1,4,4,4,1,4,1,4,3
1408,4,1,3,3,1,4,1,1,4,1,1,4,2
1409,4,1,3,3,1,4,3,4,1,4,1,4,3
1410,4,1,3,3,1,4,1,1,4,1,1,4,2
1411,1,4,3,3,1,4,2,4,1,4,1,1,3
1412,1,4,3,3,1,4,1,1,2,1,4,1,2
1413,1,4,3,3,1,4,3,4,1,4,1,4,4
1414,1,4,3,3,1,4,1,1,1,3,1,4,3
1415,1,4,3,3,1,3,3,4,1,3,1,4,4
1416,1,4,3,3,1,3,1,1,1,3,1,4,3
1417,1,4,3,3,1,3,4,4,1,4,1,4,4
1418,1,4,3,3,1,3,1,1,4,1,1,4,2
1419,1,4,3,3,1,1,3,4,1,4,1,4,4
1420,1,4,3,3,1,1,1,1,4,1,1,4,2
1421,4,1,3,3,4,1,2,4,1,4,1,1,2
1422,4,1,3,3,3,1,1,1,2,1,4,1,1
1423,4,1,3,3,1,4,3,4,1,4,1,4,3
1424,4,1,3,3,1,4,1,1,1,3,1,4,2
1425,4,1,3,3,1,4,3,4,1,3,1,4,3
1426,4,1,3,3,1,4,1,1,1,3,1,4,2
1427,4,1,3,3,1,4,4,4,1,4,1,4,3
1428,4,1,3,3,1,4,1,1,4,1,1,4,2
1429,4,1,3,3,1,4,3,4,1,4,1,4,3
1430,4,1,3,3,1,4,1,1,4,1,1,4,2
1431,1,4,3,3,1,4,2,4,1,4,1,1,3
1432,1,4,3,3,1,4,1,1,2,1,4,1,2
1433,1,4,3,3,1,2,3,4,1,4,1,4,4
1434,1,4,3,3,1,4,3,4,1,3,1,4,4
1435,1,4,3,3,1,4,1,1,1,3,1,4,3
1436,1,4,3,3,1,4,4,4,1,4,1,4,4
1437,1,4,3,3,1,4,1,1,4,1,1,4,2
1438,1,4,3,3,1,4,3,4,1,4,1,4,4
1439,1,4,3,3,1,4,1,1,4,1,1,4,2
1440,1,4,3,3,1,4,2,4,1,4,1,1,3
1441,1,4,3,3,1,4,1,1,2,1,4,1,2
1442,1,4,3,3,1,4,3,4,1,4,1,4,4
1443,1,4,3,3,1,4,1,1,1,3,1,4,3
1444,1,4,3,3,1,3,3,4,1,3,1,4,4
1445,1,4,3,3,1,3,1,1,1,3,1,4,3
1446,1,4,3,3,1,3,4,4,1,4,1,4,4
1447,1,4,3,3,1,3,1,1,4,1,1,4,2
1448,1,4,3,3,1,1,3,4,1,4,1,4,4
1449,1,4,3,3,1,1,1,1,4,1,1,4,2
1450,4,1,3,3,4,1,2,4,1,4,1,1,2
1451,4,1,3,3,4,1,1,1,2,1,4,1,1
1452,4,1,3,3,1,4,3,4,1,4,1,4,3
1453,4,1,3,3,1,4,1,1,1,3,1,4,2
1454,4,1,3,3,1,4,3,4,1,3,1,4,3
1455,4,1,3,3,1,4,1,1,1,3,1,4,2
1456,4,1,3,3,1,4,4,4,1,4,1,4,3
1457,4,1,3,3,1,4,1,1,4,1,1,4,2
1458,4,1,3,3,1,4,3,4,1,4,1,4,3
1459,4,1,3,3,1,4,1,1,4,1,1,4,2
1460,4,1,3,3,4,1,2,4,1,4,1,1,2
1461,4,1,3,3,4,1,1,1,2,1,4,1,1
1462,4,1,3,3,1,4,3,4,1,4,1,4,3
1463,4,1,3,3,1,4,1,1,1,3,1,4,2
1464,4,1,3,3,1,4,3,4,1,3,1,4,3
1465,4,1,3,3,1,4,1,1,1,3,1,4,2
1466,4,1,3,3,1,4,4,4,1,4,1,4,3
1467,4,1,3,3,1,4,1,1,4,1,1,4,2
1468,4,1,3,3,1,4,3,4,1,4,1,4,3
1469,4,1,3,3,1,4,1,1,4,1,1,4,2
1470,1,4,3,3,1,4,2,4,1,4,1,1,3
1471,1,4,3,3,1,4,1,1,2,1,4,1,2
1472,1,4,3,3,1,4,3,4,1,4,1,4,4
1473,1,4,3,3,1,4,1,1,1,3,1,4,3
1474,1,4,3,3,1,3,3,4,1,3,1,4,4
1475,1,4,3,3,1,3,1,1,1,3,1,4,3
1476,1,4,3,3,1,3,4,4,1,4,1,4,4
1477,1,4,3,3,1,3,1,1,4,1,1,4,2
1478,1,4,3,3,1,1,3,4,1,4,1,4,4
1479,1,4,3,3,1,1,1,1,4,1,1,4,2
1480,1,4,3,3,1,4,2,4,1,4,1,1,3
1481,1,4,3,3,1,4,1,1,2,1,4,1,2
1482,1,4,3,3,1,4,3,4,1,4,1,4,4
1483,1,4,3,3,1,4,1,1,1,3,1,4,3
1484,1,4,3,3,1,3,3,4,1,3,1,4,4
1485,1,4,3,3,1,3,1,1,1,3,1,4,3
1486,1,4,3,3,1,3,4,4,1,4,1,4,4
1487,1,4,3,3,1,3,1,1,4,1,1,4,2
1488,1,4,3,3,1,1,3,4,1,4,1,4,4
1489,1,4,3,3,1,1,1,1,4,1,1,4,2
1490,4,1,3,3,4,1,2,4,1,4,1,1,2
1491,4,1,3,3,3,1,1,1,2,1,4,1,1
1492,4,1,3,3,1,4,3,4,1,4,1,4,3
1493,4,1,3,3,1,4,1,1,1,3,1,4,2
1494,4,1,3,3,1,4,3,4,1,3,1,4,3
1495,4,1,3,3,1,4,1,1,1,3,1,4,2
1496,4,1,3,3,1,4,4,4,1,4,1,4,3
1497,4,1,3,3,1,4,1,1,4,1,1,4,2
1498,4,1,3,3,1,4,3,4,1,4,1,4,3
1499,4,1,3,3,1,4,1,1,4,1,1,4,2
1500,1,4,3,3,1,4,2,4,1,4,1,1,3
1501,1,4,3,3,1,4,1,1,2,1,4,1,2
1502,1,4,3,3,1,2,3,4,1,4,1,4,4
1503,1,4,3,3,2,1,1,1,1,3,1,4,3
1504,1,4,3,3,1,4,3,4,1,3,1,4,4
1505,1,4,3,3,1,4,1,1,1,3,1,4,3
1506,1,4,3,3,1,4,4,4,1,4,1,4,4
1507,1,4,3,3,1,4,1,1,4,1,1,4,2
1508,1,4,3,3,1,4,3,4,1,4,1,4,4
1509,1,4,3,3,1,4,1,1,4,1,1,4,2
1510,4,1,3,3,4,1,2,4,1,4,1,1,2
1511,4,1,3,3,4,1,1,1,2,1,4,1,1
1512,4,1,3,3,1,4,3,4,1,4,1,4,3
1513,4,1,3,3,1,4,1,1,1,3,1,4,2
1514,4,1,3,3,1,4,3,4,1,3,1,4,3
1515,4,1,3,3,1,4,1,1,1,3,1,4,2
1516,4,1,3,3,1,4,4,4,1,4,1,4,3
1517,4,1,3,3,1,4,1,1,4,1,1,4,2
1518,4,1,3,3,1,4,3,4,1,4,1,4,3
1519,4,1,3,3,1,4,1,1,4,1,1,4,2
1520,4,1,3,3,4,1,2,4,1,4,1,1,3
1521,4,1,3,3,3,1,1,1,2,1,4,1,1
1522,4,1,3,3,1,4,3,4,1,4,1,4,3
1523,4,1,3,3,1,4,1,1,1,3,1,4,2
1524,4,1,3,3,1,4,3,4,1,3,1,4,3
1525,4,1,3,3,1,4,1,1,1,3,1,4,2
1526,4,1,3,3,1,4,4,4,1,4,1,4,3
1527,4,1,3,3,1,4,1,1,4,1,1,4,2
1528,4,1,3,3,1,4,3,4,1,4,1,4,3
1529,4,1,3,3,1,4,1,1,4,1,1,4,2
1530,4,1,3,3,4,1,2,4,1,4,1,1,3
1531,4,1,3,3,3,1,1,1,2,1,4,1,1
1532,4,1,3,3,1,4,3,4,1,4,1,4,3
1533,4,1,3,3,1,4,1,1,1,3,1,4,2
1534,4,1,3,3,1,4,3,4,1,3,1,4,3
1535,4,1,3,3,1,4,1,1,1,3,1,4,2
1536,4,1,3,3,1,4,4,4,1,4,1,4,3
1537,4,1,3,3,1,4,1,1,4,1,1,4,2
1538,4,1,3,3,1,4,3,4,1,4,1,4,3
1539,4,1,3,3,1,4,1,1,4,1,1,4,2
1540,4,1,3,3,4,1,2,4,1,4,1,1,3
1541,4,1,3,3,3,1,1,1,2,1,4,1,1
1542,4,1,3,3,1,4,3,4,1,4,1,4,3
1543,4,1,3,3,1,4,1,1,1,3,1,4,2
1544,4,1,3,3,1,4,3,4,1,3,1,4,3
1545,4,1,3,3,1,4,1,1,1,3,1,4,2
1546,4,1,3,3,1,4,4,4,1,4,1,4,3
1547,4,1,3,3,1,4,1,1,4,1,1,4,2
1548,4,1,3,3,1,4,3,4,1,4,1,4,3
1549,4,1,3,3,1,4,1,1,4,1,1,4,2
1550,4,1,3,3,2,1,2,4,1,4,1,1,3
1551,4,1,3,3,2,1,1,1,2,1,4,1,1
1552,4,1,3,3,1,4,3,4,1,4,1,4,3
1553,4,1,3,3,1,4,1,1,1,3,1,4,2
1554,4,1,3,3,1,4,3,4,1,3,1,4,3
1555,4,1,3,3,1,4,1,1,1,3,1,4,2
1556,4,1,3,3,1,4,4,4,1,4,1,4,3
1557,4,1,3,3,1,4,1,1,4,1,1,4,2
1558,4,1,3,3,1,4,3,4,1,4,1,4,3
1559,4,1,3,3,1,4,1,1,4,1,1,4,2
1560,1,4,3,3,1,4,2,4,1,4,1,1,3
1561,1,4,3,3,1,4,1,1,2,1,4,1,2
1562,1,4,3,3,1,4,3,4,1,4,1,4,4
1563,1,4,3,3,1,4,1,1,1,3,1,4,3
1564,1,4,3,3,1,2,3,4,1,3,1,4,4
1565,1,4,3,3,1,2,1,1,1,3,1,4,3
1566,1,4,3,3,2,1,4,4,1,4,1,4,4
1567,1,4,3,3,1,3,3,4,1,4,1,4,4
1568,1,4,3,3,1,3,1,1,4,1,1,4,2
1569,4,1,3,3,4,1,2,4,1,4,1,1,3
1570,4,1,3,3,3,1,1,1,2,1,4,1,1
1571,4,1,3,3,1,4,3,4,1,4,1,4,3
1572,4,1,3,3,1,4,1,1,1,3,1,4,2
1573,4,1,3,3,1,4,3,4,1,3,1,4,3
1574,4,1,3,3,1,4,1,1,1,3,1,4,2
1575,4,1,3,3,1,4,4,4,1,4,1,4,3
1576,4,1,3,3,1,4,1,1,4,1,1,4,2
1577,4,1,3,3,1,4,3,4,1,4,1,4,3
1578,4,1,3,3,1,4,1,1,4,1,1,4,2
1579,1,4,3,3,1,4,2,4,1,4,1,1,3
1580,1,4,3,3,1,4,1,1,2,1,4,1,2
1581,1,4,3,3,1,4,3,4,1,4,1,4,4
1582,1,4,3,3,1,4,1,1,1,3,1,4,3
1583,1,4,3,3,1,3,3,4,1,3,1,4,4
1584,1,4,3,3,1,3,1,1,1,3,1,4,3
1585,1,4,3,3,1,3,4,4,1,4,1,4,4
1586,1,4,3,3,1,3,1,1,4,1,1,4,2
1587,1,4,3,3,2,1,3,4,1,4,1,4,4
1588,1,4,3,3,1,4,2,4,1,4,1,1,3
1589,1,4,3,3,1,4,1,1,2,1,4,1,2
1590,1,4,3,3,1,4,3,4,1,4,1,4,4
1591,1,4,3,3,1,4,1,1,1,3,1,4,3
1592,1,4,3,3,1,3,3,4,1,3,1,4,4
1593,1,4,3,3,1,3,1,1,1,3,1,4,3
1594,1,4,3,3,1,3,4,4,1,4,1,4,4
1595,1,4,3,3,1,3,1,1,4,1,1,4,2
1596,1,4,3,3,3,1,3,4,1,4,1,4,4
1597,1,4,3,3,2,1,1,1,4,1,1,4,2
1598,1,4,3,3,1,4,2,4,1,4,1,1,3
1599,1,4,3,3,1,4,1,1,2,1,4,1,2
1600,1,4,3,3,1,4,3,4,1,4,1,4,4
1601,1,4,3,3,1,4,1,1,1,3,1,4,3
1602,1,4,3,3,1,3,3,4,1,3,1,4,4
1603,1,4,3,3,1,3,1,1,1,3,1,4,3
1604,1,4,3,3,1,3,4,4,1,4,1,4,4
1605,1,4,3,3,1,3,1,1,4,1,1,4,2
1606,1,4,3,3,3,1,3,4,1,4,1,4,4
1607,1,4,3,3,2,1,1,1,4,1,1,4,2
1608,4,1,3,3,4,1,2,4,1,4,1,1,3
1609,4,1,3,3,3,1,1,1,2,1,4,1,1
1610,4,1,3,3,1,4,3,4,1,4,1,4,3
1611,4,1,3,3,1,4,1,1,1,3,1,4,2
1612,4,1,3,3,1,4,3,4,1,3,1,4,3
1613,4,1,3,3,1,4,1,1,1,3,1,4,2
1614,4,1,3,3,1,4,4,4,1,4,1,4,3
1615,4,1,3,3,1,4,1,1,4,1,1,4,2
1616,4,1,3,3,1,4,3,4,1,4,1,4,3
1617,4,1,3,3,1,4,1,1,4,1,1,4,2
1618,4,1,3,3,2,1,2,4,1,4,1,1,3
1619,4,1,3,3,2,1,1,1,2,1,4,1,1
1620,4,1,3,3,1,4,3,4,1,4,1,4,3
1621,4,1,3,3,1,4,1,1,1,3,1,4,2
1622,4,1,3,3,1,4,3,4,1,3,1,4,3
1623,4,1,3,3,1,4,1,1,1,3,1,4,2
1624,4,1,3,3,1,4,4,4,1,4,1,4,3
1625,4,1,3,3,1,4,1,1,4,1,1,4,2
1626,4,1,3,3,1,4,3,4,1,4,1,4,3
1627,4,1,3,3,1,4,1,1,4,1,1,4,2
1628,4,1,3,3,4,1,2,4,1,4,1,1,3
1629,4,1,3,3,4,1,1,1,2,1,4,1,1
1630,4,1,3,3,1,4,3,4,1,4,1,4,3
1631,4,1,3,3,1,4,1,1,1,3,1,4,2
1632,4,1,3,3,1,4,3,4,1,3,1,4,3
1633,4,1,3,3,1,4,1,1,1,3,1,4,2
1634,4,1,3,3,1,4,4,4,1,4,1,4,3
1635,4,1,3,3,1,4,1,1,4,1,1,4,2
1636,4,1,3,3,1,4,3,4,1,4,1,4,3
1637,4,1,3,3,1,4,1,1,4,1,1,4,2
1638,1,4,3,3,1,4,2,4,1,4,1,1,3
1639,1,4,3,3,1,4,1,1,2,1,4,1,2
1640,1,4,3,3,1,3,3,4,1,4,1,4,4
1641,1,4,3,3,1,3,1,1,1,3,1,4,3
1642,1,4,3,3,1,2,3,4,1,3,1,4,4
1643,1,4,3,3,1,2,1,1,1,3,1,4,3
1644,1,4,3,3,1,2,4,4,1,4,1,4,4
1645,1,4,3,3,1,2,1,1,4,1,1,4,3
1646,1,4,3,3,1,1,3,4,1,4,1,4,4
1647,1,4,3,3,1,1,1,1,4,1,1,4,2
1648,4,1,3,3,4,1,2,4,1,4,1,1,3
1649,4,1,3,3,4,1,1,1,2,1,4,1,1
1650,4,1,3,3,1,4,3,4,1,4,1,4,3
1651,4,1,3,3,1,4,1,1,1,3,1,4,2
1652,4,1,3,3,1,4,3,4,1,3,1,4,3
1653,4,1,3,3,1,4,1,1,1,3,1,4,2
1654,4,1,3,3,1,4,4,4,1,4,1,4,3
1655,4,1,3,3,1,4,1,1,4,1,1,4,2
1656,4,1,3,3,1,4,3,4,1,4,1,4,3
1657,4,1,3,3,1,4,1,1,4,1,1,4,2
1658,4,1,3,3,4,1,2,4,1,4,1,1,3
1659,4,1,3,3,4,1,1,1,2,1,4,1,1
1660,4,1,3,3,1,4,3,4,1,4,1,4,3
1661,4,1,3,3,1,4,1,1,1,3,1,4,2
1662,4,1,3,3,1,4,3,4,1,3,1,4,3
1663,4,1,3,3,1,4,1,1,1,3,1,4,2
1664,4,1,3,3,1,4,4,4,1,4,1,4,3
1665,4,1,3,3,1,4,1,1,4,1,1,4,2
1666,4,1,3,3,1,4,3,4,1,4,1,4,3
1667,4,1,3,3,1,4,1,1,4,1,1,4,2
1668,4,1,3,3,4,1,2,4,1,4,1,1,3
1669,4,1,3,3,4,1,1,1,2,1,4,1,1
1670,4,1,3,3,1,4,3,4,1,4,1,4,3
1671,4,1,3,3,1,4,1,1,1,3,1,4,2
1672,4,1,3,3,1,4,3,4,1,3,1,4,3
1673,4,1,3,3,1,4,1,1,1,3,1,4,2
1674,4,1,3,3,1,4,4,4,1,4,1,4,3
1675,4,1,3,3,1,4,1,1,4,1,1,4,2
1676,4,1,3,3,1,4,3,4,1,4,1,4,3
1677,4,1,3,3,1,4,1,1,4,1,1,4,2
1678,4,1,3,3,4,1,2,4,1,4,1,1,3
1679,4,1,3,3,4,1,1,1,2,1,4,1,1
1680,4,1,3,3,1,4,3,4,1,4,1,4,3
1681,4,1,3,3,1,4,1,1,1,3,1,4,2
1682,4,1,3,3,1,4,3,4,1,3,1,4,3
1683,4,1,3,3,1,4,1,1,1,3,1,4,2
1684,4,1,3,3,1,4,4,4,1,4,1,4,3
1685,4,1,3,3,1,4,1,1,4,1,1,4,2
1686,4,1,3,3,1,4,3,4,1,4,1,4,3
1687,4,1,3,3,1,4,1,1,4,1,1,4,2
1688,4,1,3,3,4,1,2,4,1,4,1,1,3
1689,4,1,3,3,4,1,1,1,2,1,4,1,1
1690,4,1,3,3,1,4,3,4,1,4,1,4,3
1691,4,1,3,3,1,4,1,1,1,3,1,4,2
1692,4,1,3,3,1,4,3,4,1,3,1,4,3
1693,4,1,3,3,1,4,1,1,1,3,1,4,2
1694,4,1,3,3,1,4,4,4,1,4,1,4,3
1695,4,1,3,3,1,4,1,1,4,1,1,4,2
1696,4,1,3,3,1,4,3,4,1,4,1,4,3
1697,4,1,3,3,1,4,1,1,4,1,1,4,2
1698,4,1,3,3,4,1,2,4,1,4,1,1,3
1699,4,1,3,3,4,1,1,1,2,1,4,1,1
1700,4,1,3,3,1,4,3,4,1,4,1,4,3
1701,4,1,3,3,1,4,1,1,1,3,1,4,2
1702,4,1,3,3,1,4,3,4,1,3,1,4,3
1703,4,1,3,3,1,4,1,1,1,3,1,4,2
1704,4,1,3,3,1,4,4,4,1,4,1,4,3
1705,4,1,3,3,1,4,1,1,4,1,1,4,2
1706,4,1,3,3,1,4,3,4,1,4,1,4,3
1707,4,1,3,3,1,4,1,1,4,1,1,4,2
1708,1,4,3,3,1,4,2,4,1,4,1,1,3
1709,1,4,3,3,1,4,1,1,2,1,4,1,2
1710,1,4,3,3,1,3,3,4,1,4,1,4,4
1711,1,4,3,3,1,3,1,1,1,3,1,4,3
1712,1,4,3,3,1,2,3,4,1,3,1,4,4
1713,1,4,3,3,1,2,1,1,1,3,1,4,3
1714,1,4,3,3,1,2,4,4,1,4,1,4,4
1715,1,4,3,3,1,2,1,1,4,1,1,4,3
1716,1,4,3,3,1,1,3,4,1,4,1,4,4
1717,1,4,3,3,1,1,1,1,4,1,1,4,3
1718,4,1,3,3,4,1,2,4,1,4,1,1,3
1719,4,1,3,3,4,1,1,1,2,1,4,1,1
1720,4,1,3,3,1,4,3,4,1,4,1,4,3
1721,4,1,3,3,1,4,1,1,1,3,1,4,2
1722,4,1,3,3,1,4,3,4,1,3,1,4,3
1723,4,1,3,3,1,4,1,1,1,3,1,4,2
1724,4,1,3,3,1,4,4,4,1,4,1,4,3
1725,4,1,3,3,1,4,1,1,4,1,1,4,2
1726,4,1,3,3,1,4,3,4,1,4,1,4,3
1727,4,1,3,3,1,4,1,1,4,1,1,4,2
1728,4,1,3,3,4,1,2,4,1,4,1,1,3
1729,4,1,3,3,4,1,1,1,2,1,4,1,1
1730,4,1,3,3,1,4,3,4,1,4,1,4,3
1731,4,1,3,3,1,4,1,1,1,3,1,4,2
1732,4,1,3,3,1,4,3,4,1,3,1,4,3
1733,4,1,3,3,1,4,1,1,1,3,1,4,2
1734,4,1,3,3,1,4,4,4,1,4,1,4,3
1735,4,1,3,3,1,4,1,1,4,1,1,4,2
1736,4,1,3,3,1,4,3,4,1,4,1,4,3
1737,4,1,3,3,1,4,1,1,4,1,1,4,2
1738,1,4,3,3,1,4,2,4,1,4,1,1,3
1739,1,4,3,3,1,4,1,1,2,1,4,1,2
1740,1,4,3,3,1,4,3,4,1,4,1,4,4
1741,1,4,3,3,1,4,1,1,1,3,1,4,3
1742,1,4,3,3,1,3,3,4,1,3,1,4,4
1743,1,4,3,3,1,3,1,1,1,3,1,4,3
1744,1,4,3,3,1,3,4,4,1,4,1,4,4
1745,1,4,3,3,1,3,1,1,4,1,1,4,3
1746,1,4,3,3,2,1,1,1,4,1,1,4,3
1747,4,1,3,3,4,1,2,4,1,4,1,1,3
1748,4,1,3,3,4,1,1,1,2,1,4,1,2
1749,4,1,3,3,1,4,3,4,1,4,1,4,3
1750,4,1,3,3,1,4,1,1,1,3,1,4,2
1751,4,1,3,3,1,4,3,4,1,3,1,4,3
1752,4,1,3,3,1,4,1,1,1,3,1,4,2
1753,4,1,3,3,1,4,4,4,1,4,1,4,3
1754,4,1,3,3,1,4,1,1,4,1,1,4,2
1755,4,1,3,3,1,4,3,4,1,4,1,4,3
1756,4,1,3,3,1,4,1,1,4,1,1,4,2
1757,4,1,3,3,4,1,2,4,1,4,1,1,3
1758,4,1,3,3,4,1,1,1,2,1,4,1,2
1759,4,1,3,3,1,4,3,4,1,4,1,4,3
1760,4,1,3,3,1,4,1,1,1,3,1,4,2
1761,4,1,3,3,1,4,3,4,1,3,1,4,3
1762,4,1,3,3,1,4,1,1,1,3,1,4,2
1763,4,1,3,3,1,4,4,4,1,4,1,4,3
1764,4,1,3,3,1,4,1,1,4,1,1,4,2
1765,4,1,3,3,1,4,3,4,1,4,1,4,3
1766,4,1,3,3,1,4,1,1,4,1,1,4,2
1767,1,4,3,3,1,4,2,4,1,4,1,1,3
1768,1,4,3,3,1,4,1,1,2,1,4,1,2
1769,1,4,3,3,1,4,3,4,1,4,1,4,4
1770,1,4,3,3,1,4,1,1,1,3,1,4,3
1771,1,4,3,3,1,2,3,4,1,3,1,4,4
1772,1,4,3,3,1,2,1,1,1,3,1,4,3
1773,1,4,3,3,2,1,1,1,4,1,1,4,3
1774,1,4,3,3,1,3,3,4,1,4,1,4,4
1775,1,4,3,3,1,3,1,1,4,1,1,4,3
1776,4,1,3,3,2,1,2,4,1,4,1,1,3
1777,4,1,3,3,2,1,1,1,2,1,4,1,2
1778,4,1,3,3,1,4,3,4,1,4,1,4,3
1779,4,1,3,3,1,4,1,1,1,3,1,4,2
1780,4,1,3,3,1,4,3,4,1,3,1,4,3
1781,4,1,3,3,1,4,1,1,1,3,1,4,2
1782,4,1,3,3,1,4,4,4,1,4,1,4,3
1783,4,1,3,3,1,4,1,1,4,1,1,4,2
1784,4,1,3,3,1,4,3,4,1,4,1,4,3
1785,4,1,3,3,1,4,1,1,4,1,1,4,2
1786,1,4,3,3,1,4,2,4,1,4,1,1,3
1787,1,4,3,3,1,4,1,1,2,1,4,1,2
1788,1,4,3,3,1,4,3,4,1,4,1,4,4
1789,1,4,3,3,1,4,1,1,1,3,1,4,3
1790,1,4,3,3,1,3,3,4,1,3,1,4,4
1791,1,4,3,3,1,3,1,1,1,3,1,4,3
1792,1,4,3,3,1,3,4,4,1,4,1,4,4
1793,1,4,3,3,1,3,1,1,4,1,1,4,3
1794,1,4,3,3,1,1,3,4,1,4,1,4,4
1795,1,4,3,3,1,1,1,1,4,1,1,4,3
1796,4,1,3,3,2,1,2,4,1,4,1,1,3
1797,4,1,3,3,2,1,1,1,2,1,4,1,2
1798,4,1,3,3,1,4,3,4,1,4,1,4,3
1799,4,1,3,3,1,4,1,1,1,3,1,4,2
1800,4,1,3,3,1,4,3,4,1,3,1,4,3
1801,4,1,3,3,1,4,1,1,1,3,1,4,2
1802,4,1,3,3,1,4,4,4,1,4,1,4,3
1803,4,1,3,3,1,4,1,1,4,1,1,4,2
1804,4,1,3,3,1,4,3,4,1,4,1,4,3
1805,4,1,3,3,1,4,1,1,4,1,1,4,2
1806,1,4,3,3,1,4,2,4,1,4,1,1,4
1807,1,4,3,3,1,4,1,1,2,1,4,1,2
1808,1,4,3,3,1,3,3,4,1,4,1,4,4
1809,1,4,3,3,1,3,1,1,1,3,1,4,3
1810,1,4,3,3,1,3,3,4,1,3,1,4,4
1811,1,4,3,3,1,3,1,1,1,3,1,4,3
1812,1,4,3,3,1,3,4,4,1,4,1,4,4
1813,1,4,3,3,1,3,1,1,4,1,1,4,3
1814,1,4,3,3,1,1,3,4,1,4,1,4,4
1815,1,4,3,3,1,1,1,1,4,1,1,4,3
1816,4,1,3,3,4,1,2,4,1,4,1,1,3
1817,4,1,3,3,4,1,1,1,2,1,4,1,2
1818,4,1,3,3,1,4,3,4,1,4,1,4,3
1819,4,1,3,3,1,4,1,1,1,3,1,4,2
1820,4,1,3,3,1,4,3,4,1,3,1,4,3
1821,4,1,3,3,1,4,1,1,1,3,1,4,2
1822,4,1,3,3,1,4,4,4,1,4,1,4,4
1823,4,1,3,3,1,4,1,1,4,1,1,4,2
1824,4,1,3,3,1,4,3,4,1,4,1,4,4
1825,4,1,3,3,1,4,1,1,4,1,1,4,2
1826,1,4,3,4,1,3,2,4,1,4,1,1,4
1827,1,4,3,4,1,3,1,1,2,1,4,1,2
1828,1,4,3,4,1,3,3,4,1,4,1,4,4
1829,1,4,3,4,1,3,1,1,1,3,1,4,3
1830,1,4,3,4,1,2,3,4,1,3,1,4,4
1831,1,4,3,4,1,2,1,1,1,3,1,4,3
1832,1,4,3,4,4,1,4,4,1,4,1,4,4
1833,1,4,3,4,4,1,1,1,4,1,1,4,3
1834,1,4,3,4,1,2,3,4,1,4,1,4,4
1835,1,4,3,4,1,2,1,1,4,1,1,4,3
1836,1,4,3,4,1,3,2,4,1,4,1,1,4
1837,1,4,3,4,1,3,1,1,2,1,4,1,2
1838,1,4,3,4,1,3,3,4,1,4,1,4,4
1839,1,4,3,4,1,3,1,1,1,3,1,4,3
1840,1,4,3,4,1,1,3,4,1,3,1,4,4
1841,1,4,3,4,4,1,1,1,1,3,1,4,3
1842,1,4,3,4,1,2,4,4,1,4,1,4,4
1843,1,4,3,4,1,2,1,1,4,1,1,4,3
1844,1,4,3,4,1,2,3,4,1,4,1,4,4
1845,1,4,3,4,1,2,1,1,4,1,1,4,3
1846,4,1,3,4,4,1,2,4,1,4,1,1,3
1847,4,1,3,4,4,1,1,1,2,1,4,1,2
1848,4,1,3,4,1,3,3,4,1,4,1,4,3
1849,4,1,3,4,1,3,1,1,1,3,1,4,2
1850,4,1,3,4,1,3,3,4,1,3,1,4,3
1851,4,1,3,4,1,3,1,1,1,3,1,4,2
1852,4,1,3,4,1,3,4,4,1,4,1,4,4
1853,4,1,3,4,1,3,1,1,4,1,1,4,2
1854,4,1,3,4,1,3,3,4,1,4,1,4,4
1855,4,1,3,4,1,3,1,1,4,1,1,4,2
1856,4,1,3,4,4,1,2,4,1,4,1,1,3
1857,4,1,3,4,4,1,1,1,2,1,4,1,2
1858,4,1,3,4,1,3,3,4,1,4,1,4,3
1859,4,1,3,4,1,3,1,1,1,3,1,4,2
1860,4,1,3,4,1,3,3,4,1,3,1,4,3
1861,4,1,3,4,1,3,1,1,1,3,1,4,2
1862,4,1,3,4,1,3,4,4,1,4,1,4,4
1863,4,1,3,4,1,3,1,1,4,1,1,4,2
1864,4,1,3,4,1,3,3,4,1,4,1,4,4
1865,4,1,3,4,1,3,1,1,4,1,1,4,2
1866,4,1,4,4,4,1,2,4,1,4,1,1,3
1867,4,1,4,4,4,1,1,1,2,1,4,1,2
1868,4,1,4,4,1,3,3,4,1,4,1,4,3
1869,4,1,4,4,1,3,1,1,1,3,1,4,2
1870,4,1,4,4,1,3,3,4,1,3,1,4,3
1871,4,1,4,4,1,3,1,1,1,3,1,4,2
1872,4,1,4,4,1,3,4,4,1,4,1,4,4
1873,4,1,4,4,1,3,1,1,4,1,1,4,2
1874,4,1,4,4,1,3,3,4,1,4,1,4,4
1875,4,1,4,4,1,3,1,1,4,1,1,4,2
1876,4,1,4,4,4,1,2,4,1,4,1,1,3
1877,4,1,4,4,4,1,1,1,2,1,4,1,2
1878,4,1,4,4,1,3,3,4,1,4,1,4,3
1879,4,1,4,4,1,3,1,1,1,3,1,4,2
1880,4,1,4,4,1,3,3,4,1,3,1,4,3
1881,4,1,4,4,1,3,1,1,1,3,1,4,2
1882,4,1,4,4,1,3,4,4,1,4,1,4,4
1883,4,1,4,4,1,3,1,1,4,1,1,4,2
1884,4,1,4,4,1,3,3,4,1,4,1,4,4
1885,4,1,4,4,1,3,1,1,4,1,1,4,2
1886,1,4,4,4,1,3,2,4,1,4,1,1,4
1887,1,4,4,4,1,3,1,1,2,1,4,1,2
1888,1,4,4,4,1,3,3,4,1,4,1,4,4
1889,1,4,4,4,1,3,1,1,1,3,1,4,3
1890,1,4,4,4,1,2,3,4,1,3,1,4,4
1891,1,4,4,4,1,2,1,1,1,3,1,4,3
1892,1,4,4,4,1,2,4,4,1,4,1,4,4
1893,1,4,4,4,1,2,1,1,4,1,1,4,3
1894,1,4,4,4,1,1,3,4,1,4,1,4,4
1895,1,4,4,4,1,1,1,1,4,1,1,4,3
1896,4,1,4,4,4,1,2,4,1,4,1,1,3
1897,4,1,4,4,4,1,1,1,2,1,4,1,2
1898,4,1,4,4,1,3,3,4,1,4,1,4,3
1899,4,1,4,4,1,3,1,1,1,3,1,4,2
1900,4,1,4,4,1,3,3,4,1,3,1,4,3
1901,4,1,4,4,1,3,1,1,1,3,1,4,2
1902,4,1,4,4,1,3,4,4,1,4,1,4,4
1903,4,1,4,4,1,3,1,1,4,1,1,4,2
1904,4,1,4,4,1,3,3,4,1,4,1,4,4
1905,4,1,4,4,1,3,1,1,4,1,1,4,2
1906,1,4,4,4,1,3,2,4,1,4,1,1,4
1907,1,4,4,4,1,3,1,1,2,1,4,1,2
1908,1,4,4,4,1,3,3,4,1,4,1,4,4
1909,1,4,4,4,1,3,1,1,1,3,1,4,3
1910,1,4,4,4,1,2,1,1,1,3,1,4,3
1911,1,4,4,4,1,2,4,4,1,4,1,4,4
1912,1,4,4,4,1,2,1,1,4,1,1,4,3
1913,1,4,4,4,1,2,3,4,1,4,1,4,4
1914,1,4,4,4,1,2,1,1,4,1,1,4,3
1915,4,1,4,4,4,1,2,4,1,4,1,1,3
1916,4,1,4,4,3,1,1,1,2,1,4,1,2
1917,4,1,4,4,1,3,3,4,1,4,1,4,3
1918,4,1,4,4,1,3,1,1,1,3,1,4,2
1919,4,1,4,4,1,3,3,4,1,3,1,4,3
1920,4,1,4,4,1,3,1,1,1,3,1,4,2
1921,4,1,4,4,1,3,4,4,1,4,1,4,4
1922,4,1,4,4,1,3,1,1,4,1,1,4,2
1923,4,1,4,4,1,3,3,4,1,4,1,4,4
1924,4,1,4,4,1,3,1,1,4,1,1,4,2
1925,4,1,4,4,4,1,2,4,1,4,1,1,3
1926,4,1,4,4,4,1,1,1,2,1,4,1,2
1927,4,1,4,4,1,3,3,4,1,4,1,4,3
1928,4,1,4,4,1,3,1,1,1,3,1,4,2
1929,4,1,4,4,1,3,3,4,1,3,1,4,3
1930,4,1,4,4,1,3,1,1,1,3,1,4,2
1931,4,1,4,4,1,3,4,4,1,4,1,4,4
1932,4,1,4,4,1,3,1,1,4,1,1,4,2
1933,4,1,4,4,1,3,3,4,1,4,1,4,4
1934,4,1,4,4,1,3,1,1,4,1,1,4,2
1935,1,4,4,4,1,3,2,4,1,4,1,1,4
1936,1,4,4,4,1,3,1,1,2,1,4,1,2
1937,1,4,4,4,1,3,3,4,1,4,1,4,4
1938,1,4,4,4,1,3,1,1,1,3,1,4,3
1939,1,4,4,4,1,2,3,4,1,3,1,4,4
1940,1,4,4,4,1,2,1,1,1,3,1,4,3
1941,1,4,4,4,1,2,4,4,1,4,1,4,4
1942,1,4,4,4,1,2,1,1,4,1,1,4,3
1943,1,4,4,4,1,1,3,4,1,4,1,4,4
1944,1,4,4,4,1,1,1,1,4,1,1,4,3
1945,4,1,4,4,4,1,2,4,1,4,1,1,3
1946,4,1,4,4,4,1,1,1,2,1,4,1,2
1947,4,1,4,4,1,3,3,4,1,4,1,4,4
1948,4,1,4,4,1,3,1,1,1,3,1,4,3
1949,4,1,4,4,1,3,3,4,1,3,1,4,3
1950,4,1,4,4,1,3,1,1,1,3,1,4,2
1951,4,1,4,4,1,3,4,4,1,4,1,4,4
1952,4,1,4,4,1,3,1,1,4,1,1,4,2
1953,4,1,4,4,1,3,3,4,1,4,1,4,4
1954,4,1,4,4,1,3,1,1,4,1,1,4,2
1955,1,4,4,4,1,3,2,4,1,4,1,1,4
1956,1,4,4,4,1,3,1,1,2,1,4,1,2
1957,1,4,4,4,1,3,3,4,1,4,1,4,4
1958,1,4,4,4,1,3,1,1,1,3,1,4,3
1959,1,4,4,4,1,2,3,4,1,3,1,4,4
1960,1,4,4,4,1,2,1,1,1,3,1,4,3
1961,1,4,4,4,1,2,4,4,1,4,1,4,4
1962,1,4,4,4,1,2,1,1,4,1,1,4,3
1963,1,4,4,4,4,1,3,4,1,4,1,4,4
1964,1,4,4,4,4,1,1,1,4,1,1,4,3
1965,1,4,4,4,1,3,2,4,1,4,1,1,4
1966,1,4,4,4,1,3,1,1,2,1,4,1,2
1967,1,4,4,4,1,2,3,4,1,4,1,4,4
1968,1,4,4,4,4,1,1,1,1,3,1,4,3
1969,1,4,4,4,1,3,3,4,1,3,1,4,4
1970,1,4,4,4,1,3,1,1,1,3,1,4,3
1971,1,4,4,4,1,3,4,4,1,4,1,4,4
1972,1,4,4,4,1,3,1,1,4,1,1,4,3
1973,1,4,4,4,1,3,3,4,1,4,1,4,4
1974,1,4,4,4,1,3,1,1,4,1,1,4,3
1975,4,1,4,4,4,1,2,4,1,4,1,1,3
1976,4,1,4,4,4,1,1,1,2,1,4,1,2
1977,4,1,4,4,1,3,3,4,1,4,1,4,4
1978,4,1,4,4,1,3,1,1,1,3,1,4,3
1979,4,1,4,4,1,3,3,4,1,3,1,4,3
1980,4,1,4,4,1,3,1,1,1,3,1,4,2
1981,4,1,4,4,1,3,4,4,1,4,1,4,4
1982,4,1,4,4,1,3,1,1,4,1,1,4,2
1983,4,1,4,4,1,3,3,4,1,4,1,4,4
1984,4,1,4,4,1,3,1,1,4,1,1,4,2
1985,1,4,4,4,1,3,2,4,1,4,1,1,4
1986,1,4,4,4,1,3,1,1,2,1,4,1,2
1987,1,4,4,4,1,2,3,4,1,4,1,4,4
1988,1,4,4,4,1,3,3,4,1,3,1,4,4
1989,1,4,4,4,1,3,1,1,1,3,1,4,3
1990,1,4,4,4,1,3,4,4,1,4,1,4,4
1991,1,4,4,4,1,3,1,1,4,1,1,4,3
1992,1,4,4,4,1,3,3,4,1,4,1,4,4
1993,1,4,4,4,1,3,1,1,4,1,1,4,3
1994,1,4,4,4,1,3,2,4,1,4,1,1,4
1995,1,4,4,4,1,3,1,1,2,1,4,1,2
1996,1,4,4,4,1,3,3,4,1,4,1,4,4
1997,1,4,4,4,1,3,1,1,1,3,1,4,3
1998,1,4,4,4,1,2,3,4,1,3,1,4,4
1999,1,4,4,4,1,2,1,1,1,3,1,4,3
2000,1,4,4,4,4,1,4,4,1,4,1,4,4
2001,1,4,4,4,4,1,1,1,4,1,1,4,3
2002,1,4,4,4,1,2,3,4,1,4,1,4,4
2003,1,4,4,4,1,2,1,1,4,1,1,4,3
2004,1,4,4,4,1,3,2,4,1,4,1,1,4
2005,1,4,4,4,1,3,1,1,2,1,4,1,2
2006,1,4,4,4,1,3,3,4,1,4,1,4,4
2007,1,4,4,4,1,3,1,1,1,3,1,4,3
2008,1,4,4,4,1,2,3,4,1,3,1,4,4
2009,1,4,4,4,1,2,1,1,1,3,1,4,3
2010,1,4,4,4,1,2,4,4,1,4,1,4,4
2011,1,4,4,4,1,2,1,1,4,1,1,4,3
2012,1,4,4,4,1,1,3,4,1,4,1,4,4
2013,1,4,4,4,1,1,1,1,4,1,1,4,3
2014,4,1,4,4,4,1,2,4,1,4,1,1,3
2015,4,1,4,4,4,1,1,1,2,1,4,1,2
2016,4,1,4,4,1,3,3,4,1,4,1,4,4
2017,4,1,4,4,1,3,1,1,1,3,1,4,3
2018,4,1,4,4,1,3,3,4,1,3,1,4,3
2019,4,1,4,4,1,3,1,1,1,3,1,4,2
2020,4,1,4,4,1,3,4,4,1,4,1,4,4
2021,4,1,4,4,1,3,1,1,4,1,1,4,2
2022,4,1,4,4,1,3,3,4,1,4,1,4,4
2023,4,1,4,4,1,3,1,1,4,1,1,4,2
2024,4,1,4,4,4,1,2,4,1,4,1,1,3
2025,4,1,4,4,4,1,1,1,2,1,4,1,2
2026,4,1,4,4,1,3,3,4,1,4,1,4,4
2027,4,1,4,4,1,3,1,1,1,3,1,4,3
2028,4,1,4,4,1,3,3,4,1,3,1,4,3
2029,4,1,4,4,1,3,1,1,1,3,1,4,3
2030,4,1,4,4,1,3,4,4,1,4,1,4,4
2031,4,1,4,4,1,3,1,1,4,1,1,4,2
2032,4,1,4,4,1,3,3,4,1,4,1,4,4
2033,4,1,4,4,1,3,1,1,4,1,1,4,2
2034,4,1,4,4,4,1,2,4,1,4,1,1,3
2035,4,1,4,4,4,1,1,1,2,1,4,1,2
2036,4,1,4,4,1,3,3,4,1,4,1,4,4
2037,4,1,4,4,1,3,1,1,1,3,1,4,3
2038,4,1,4,4,1,3,3,4,1,3,1,4,3
2039,4,1,4,4,1,3,1,1,1,3,1,4,3
2040,4,1,4,4,1,3,4,4,1,4,1,4,4
2041,4,1,4,4,1,3,1,1,4,1,1,4,2
2042,4,1,4,4,1,3,3,4,1,4,1,4,4
2043,4,1,4,4,1,3,1,1,4,1,1,4,2
2044,1,4,4,4,1,3,2,4,1,4,1,1,4
2045,1,4,4,4,1,3,1,1,2,1,4,1,2
2046,1,4,4,4,1,3,3,4,1,4,1,4,4
2047,1,4,4,4,1,3,1,1,1,3,1,4,3
2048,1,4,4,4,1,1,3,4,1,3,1,4,4
2049,1,4,4,4,4,1,1,1,1,3,1,4,3
2050,1,4,4,4,1,2,4,4,1,4,1,4,4
2051,1,4,4,4,1,2,1,1,4,1,1,4,3
2052,1,4,4,4,1,2,3,4,1,4,1,4,4
2053,1,4,4,4,1,2,1,1,4,1,1,4,3
2054,1,4,4,4,1,3,2,4,1,4,1,1,4
2055,1,4,4,4,1,3,1,1,2,1,4,1,2
2056,1,4,4,4,1,3,3,4,1,4,1,4,4
2057,1,4,4,4,1,3,1,1,1,3,1,4,3
2058,1,4,4,4,1,3,3,4,1,3,1,4,4
2059,1,4,4,4,1,3,1,1,1,3,1,4,3
2060,1,4,4,4,1,3,4,4,1,4,1,4,4
2061,1,4,4,4,1,3,1,1,4,1,1,4,3
2062,1,4,4,4,2,1,3,4,1,4,1,4,4
2063,1,4,4,4,2,1,1,1,4,1,1,4,3
2064,1,4,4,4,1,3,2,4,1,4,1,1,4
2065,1,4,4,4,1,3,1,1,2,1,4,1,2
2066,1,4,4,4,1,3,3,4,1,4,1,4,4
2067,1,4,4,4,1,3,1,1,1,3,1,4,3
2068,1,4,4,4,1,2,3,4,1,3,1,4,4
2069,1,4,4,4,1,2,1,1,1,3,1,4,3
2070,1,4,4,4,2,1,1,1,4,1,1,4,3
2071,1,4,4,4,1,3,3,4,1,4,1,4,4
2072,1,4,4,4,1,3,1,1,4,1,1,4,3
2073,1,4,4,4,1,3,2,4,1,4,1,1,4
2074,1,4,4,4,1,3,1,1,2,1,4,1,2
2075,1,4,4,4,1,3,3,4,1,4,1,4,4
2076,1,4,4,4,1,3,1,1,1,3,1,4,3
2077,1,4,4,4,1,1,3,4,1,3,1,4,4
2078,1,4,4,4,4,1,1,1,1,3,1,4,3
2079,1,4,4,4,1,2,4,4,1,4,1,4,4
2080,1,4,4,4,1,2,1,1,4,1,1,4,3
2081,1,4,4,4,1,3,3,4,1,4,1,4,4
2082,1,4,4,4,1,3,1,1,4,1,1,4,3
2083,4,1,4,4,4,1,2,4,1,4,1,1,3
2084,4,1,4,4,3,1,1,1,2,1,4,1,2
2085,4,1,4,4,1,3,3,4,1,4,1,4,4
2086,4,1,4,4,1,3,1,1,1,3,1,4,3
2087,4,1,4,4,1,3,3,4,1,3,1,4,4
2088,4,1,4,4,1,3,1,1,1,3,1,4,3
2089,4,1,4,4,1,3,4,4,1,4,1,4,4
2090,4,1,4,4,1,3,1,1,4,1,1,4,2
2091,4,1,4,4,1,3,3,4,1,4,1,4,4
2092,4,1,4,4,1,3,1,1,4,1,1,4,2
2093,1,4,4,4,1,3,2,4,1,4,1,1,4
2094,1,4,4,4,1,3,1,1,2,1,4,1,2
2095,1,4,4,4,1,3,3,4,1,4,1,4,4
2096,1,4,4,4,1,3,1,1,1,3,1,4,3
2097,1,4,4,4,1,3,3,4,1,3,1,4,4
2098,1,4,4,4,1,3,1,1,1,3,1,4,3
2099,1,4,4,4,1,3,4,4,1,4,1,4,4
2100,1,4,4,4,1,3,1,1,4,1,1,4,3
2101,1,4,4,4,1,1,3,4,1,4,1,4,4
2102,1,4,4,4,1,1,1,1,4,1,1,4,3
2103,1,4,4,4,1,3,2,4,1,4,1,1,4
2104,1,4,4,4,1,3,1,1,2,1,4,1,2
2105,1,4,4,4,1,3,3,4,1,4,1,4,4
2106,1,4,4,4,1,3,1,1,1,3,1,4,3
2107,1,4,4,4,1,2,3,4,1,3,1,4,4
2108,1,4,4,4,1,2,1,1,1,3,1,4,3
2109,1,4,4,4,2,1,4,4,1,4,1,4,4
2110,1,4,4,4,3,1,1,1,4,1,1,4,3
2111,1,4,4,4,1,3,3,4,1,4,1,4,4
2112,1,4,4,4,1,3,1,1,4,1,1,4,3
2113,4,1,4,4,4,1,2,4,1,4,1,1,3
2114,4,1,4,4,3,1,1,1,2,1,4,1,2
2115,4,1,4,4,1,3,3,4,1,4,1,4,4
2116,4,1,4,4,1,3,1,1,1,3,1,4,3
2117,4,1,4,4,1,3,3,4,1,3,1,4,4
2118,4,1,4,4,1,3,1,1,1,3,1,4,3
2119,4,1,4,4,1,3,4,4,1,4,1,4,4
2120,4,1,4,4,1,3,1,1,4,1,1,4,2
2121,4,1,4,4,1,3,3,4,1,4,1,4,4
2122,4,1,4,4,1,3,1,1,4,1,1,4,2
2123,4,1,4,4,4,1,2,4,1,4,1,1,3
2124,4,1,4,4,3,1,1,1,2,1,4,1,2
2125,4,1,4,4,1,4,3,4,1,4,1,4,4
2126,4,1,4,4,1,4,1,1,1,3,1,4,3
2127,4,1,4,4,1,4,3,4,1,3,1,4,4
2128,4,1,4,4,1,4,1,1,1,3,1,4,3
2129,4,1,4,4,1,4,4,4,1,4,1,4,4
2130,4,1,4,4,1,4,1,1,4,1,1,4,2
2131,4,1,4,4,1,4,3,4,1,4,1,4,4
2132,4,1,4,4,1,4,1,1,4,1,1,4,2
2133,4,1,4,4,4,1,2,4,1,4,1,1,3
2134,4,1,4,4,4,1,1,1,2,1,4,1,2
2135,4,1,4,4,1,4,3,4,1,4,1,4,4
2136,4,1,4,4,1,4,1,1,1,3,1,4,3
2137,4,1,4,4,1,4,3,4,1,3,1,4,4
2138,4,1,4,4,1,4,1,1,1,3,1,4,3
2139,4,1,4,4,1,4,4,4,1,4,1,4,4
2140,4,1,4,4,1,4,1,1,4,1,1,4,2
2141,4,1,4,4,1,4,3,4,1,4,1,4,4
2142,4,1,4,4,1,4,1,1,4,1,1,4,2
2143,1,4,4,4,1,4,2,4,1,4,1,1,4
2144,1,4,4,4,1,4,1,1,2,1,4,1,2
2145,1,4,4,4,1,3,3,4,1,4,1,4,4
2146,1,4,4,4,1,3,1,1,1,3,1,4,3
2147,1,4,4,4,1,3,3,4,1,3,1,4,4
2148,1,4,4,4,1,3,1,1,1,3,1,4,3
2149,1,4,4,4,1,3,4,4,1,4,1,4,4
2150,1,4,4,4,1,3,1,1,4,1,1,4,3
2151,1,4,4,4,2,1,3,4,1,4,1,4,4
2152,1,4,4,4,2,1,1,1,4,1,1,4,3
2153,1,4,4,4,1,4,2,4,1,4,1,1,4
2154,1,4,4,4,1,4,1,1,2,1,4,1,2
2155,1,4,4,4,1,3,3,4,1,4,1,4,4
2156,1,4,4,4,1,3,1,1,1,3,1,4,3
2157,1,4,4,4,1,3,3,4,1,3,1,4,4
2158,1,4,4,4,1,3,1,1,1,3,1,4,3
2159,1,4,4,4,1,3,4,4,1,4,1,4,4
2160,1,4,4,4,1,3,1,1,4,1,1,4,3
2161,1,4,4,4,2,1,1,1,4,1,1,4,3
2162,1,4,4,4,1,4,2,4,1,4,1,1,4
2163,1,4,4,4,1,4,1,1,2,1,4,1,2
2164,1,4,4,4,1,2,3,4,1,4,1,4,4
2165,1,4,4,4,3,1,1,1,1,3,1,4,3
2166,1,4,4,4,1,4,3,4,1,3,1,4,4
2167,1,4,4,4,1,4,1,1,1,3,1,4,3
2168,1,4,4,4,1,4,4,4,1,4,1,4,4
2169,1,4,4,4,1,4,1,1,4,1,1,4,3
2170,1,4,4,4,1,4,3,4,1,4,1,4,4
2171,1,4,4,4,1,4,1,1,4,1,1,4,3
2172,1,4,4,4,1,4,2,4,1,4,1,1,4
2173,1,4,4,4,1,4,1,1,2,1,4,1,2
2174,1,4,4,4,1,4,3,4,1,4,1,4,4
2175,1,4,4,4,1,4,1,1,1,3,1,4,3
2176,1,4,4,4,1,3,3,4,1,3,1,4,4
2177,1,4,4,4,1,3,1,1,1,3,1,4,3
2178,1,4,4,4,1,3,4,4,1,4,1,4,4
2179,1,4,4,4,1,3,1,1,4,1,1,4,3
2180,1,4,4,4,1,2,3,4,1,4,1,4,4
2181,1,4,4,4,1,2,1,1,4,1,1,4,3
2182,4,1,4,4,4,1,2,4,1,4,1,1,3
2183,4,1,4,4,3,1,1,1,2,1,4,1,2
2184,4,1,4,4,1,4,3,4,1,4,1,4,4
2185,4,1,4,4,1,4,1,1,1,3,1,4,3
2186,4,1,4,4,1,4,3,4,1,3,1,4,4
2187,4,1,4,4,1,4,1,1,1,3,1,4,3
2188,4,1,4,4,1,4,4,4,1,4,1,4,4
2189,4,1,4,4,1,4,1,1,4,1,1,4,2
2190,4,1,4,4,1,4,3,4,1,4,1,4,4
2191,4,1,4,4,1,4,1,1,4,1,1,4,2
2192,4,1,4,4,4,1,2,4,1,4,1,1,3
2193,4,1,4,4,3,1,1,1,2,1,4,1,2
2194,4,1,4,4,1,4,3,4,1,4,1,4,4
2195,4,1,4,4,1,4,1,1,1,3,1,4,3
2196,4,1,4,4,1,4,3,4,1,3,1,4,4
2197,4,1,4,4,1,4,1,1,1,3,1,4,3
2198,4,1,4,4,1,4,4,4,1,4,1,4,4
2199,4,1,4,4,1,4,1,1,4,1,1,4,2
2200,4,1,4,4,1,4,3,4,1,4,1,4,4
2201,4,1,4,4,1,4,1,1,4,1,1,4,2
2202,1,4,4,4,1,4,2,4,1,4,1,1,4
2203,1,4,4,4,1,4,1,1,2,1,4,1,2
2204,1,4,4,4,1,4,3,4,1,4,1,4,4
2205,1,4,4,4,1,4,1,1,1,3,1,4,3
2206,1,4,4,4,1,3,3,4,1,3,1,4,4
2207,1,4,4,4,1,3,1,1,1,3,1,4,3
2208,1,4,4,4,1,3,4,4,1,4,1,4,4
2209,1,4,4,4,1,3,1,1,4,1,1,4,3
2210,1,4,4,4,2,1,3,4,1,4,1,4,4
2211,1,4,4,4,4,1,1,1,4,1,1,4,3
2212,4,1,4,4,4,1,2,4,1,4,1,1,3
2213,4,1,4,4,3,1,1,1,2,1,4,1,2
2214,4,1,4,4,1,4,3,4,1,4,1,4,4
2215,4,1,4,4,1,4,1,1,1,3,1,4,3
2216,4,1,4,4,1,4,3,4,1,3,1,4,4
2217,4,1,4,4,1,4,1,1,1,3,1,4,3
2218,4,1,4,4,1,4,4,4,1,4,1,4,4
2219,4,1,4,4,1,4,1,1,4,1,1,4,2
2220,4,1,4,4,1,4,3,4,1,4,1,4,4
2221,4,1,4,4,1,4,1,1,4,1,1,4,2
2222,4,1,4,4,4,1,2,4,1,4,1,1,3
2223,4,1,4,4,2,1,1,1,2,1,4,1,2
2224,4,1,4,4,1,4,3,4,1,4,1,4,4
2225,4,1,4,4,1,4,1,1,1,3,1,4,3
2226,4,1,4,4,1,4,3,4,1,3,1,4,4
2227,4,1,4,4,1,4,1,1,1,3,1,4,3
2228,4,1,4,4,1,4,4,4,1,4,1,4,4
2229,4,1,4,4,1,4,1,1,4,1,1,4,2
2230,4,1,4,4,1,4,3,4,1,4,1,4,4
2231,4,1,4,4,1,4,1,1,4,1,1,4,2
2232,4,1,4,4,2,1,2,4,1,4,1,1,3
2233,4,1,4,4,1,4,3,4,1,4,1,4,4
2234,4,1,4,4,1,4,1,1,1,3,1,4,3
2235,4,1,4,4,1,4,3,4,1,3,1,4,4
2236,4,1,4,4,1,4,1,1,1,3,1,4,3
2237,4,1,4,4,1,4,4,4,1,4,1,4,4
2238,4,1,4,4,1,4,1,1,4,1,1,4,2
2239,4,1,4,4,1,4,3,4,1,4,1,4,4
2240,4,1,4,4,1,4,1,1,4,1,1,4,2
2241,1,4,4,4,1,4,2,4,1,4,1,1,4
2242,1,4,4,4,1,4,1,1,2,1,4,1,2
2243,1,4,4,4,1,4,3,4,1,4,1,4,4
2244,1,4,4,4,1,4,1,1,1,3,1,4,3
2245,1,4,4,4,1,3,3,4,1,3,1,4,4
2246,1,4,4,4,1,3,1,1,1,3,1,4,3
2247,1,4,4,4,1,3,4,4,1,4,1,4,4
2248,1,4,4,4,1,3,1,1,4,1,1,4,3
2249,1,4,4,4,2,1,3,4,1,4,1,4,4
2250,1,4,4,4,4,1,1,1,4,1,1,4,3
2251,1,4,4,4,1,4,2,4,1,4,1,1,4
2252,1,4,4,4,1,4,1,1,2,1,4,1,2
2253,1,4,4,4,1,4,3,4,1,4,1,4,4
2254,1,4,4,4,1,4,1,1,1,3,1,4,3
2255,1,4,4,4,1,2,3,4,1,3,1,4,4
2256,1,4,4,4,1,2,1,1,1,3,1,4,3
2257,1,4,4,4,3,1,4,4,1,4,1,4,4
2258,1,4,4,4,3,1,1,1,4,1,1,4,3
2259,1,4,4,4,1,3,3,4,1,4,1,4,4
2260,1,4,4,4,1,3,1,1,4,1,1,4,3
2261,4,1,4,4,4,1,2,4,1,4,1,1,3
2262,4,1,4,4,2,1,1,1,2,1,4,1,2
2263,4,1,4,4,1,4,3,4,1,4,1,4,4
2264,4,1,4,4,1,4,1,1,1,3,1,4,3
2265,4,1,4,4,1,4,3,4,1,3,1,4,4
2266,4,1,4,4,1,4,1,1,1,3,1,4,3
2267,4,1,4,4,1,4,4,4,1,4,1,4,4
2268,4,1,4,4,1,4,1,1,4,1,1,4,2
2269,4,1,4,4,1,4,3,4,1,4,1,4,4
2270,4,1,4,4,1,4,1,1,4,1,1,4,2
2271,4,1,4,4,4,1,2,4,1,4,1,1,3
2272,4,1,4,4,2,1,1,1,2,1,4,1,2
2273,4,1,4,4,1,4,3,4,1,4,1,4,4
2274,4,1,4,4,1,4,1,1,1,3,1,4,3
2275,4,1,4,4,1,4,3,4,1,3,1,4,4
2276,4,1,4,4,1,4,1,1,1,3,1,4,3
2277,4,1,4,4,1,4,4,4,1,4,1,4,4
2278,4,1,4,4,1,4,1,1,4,1,1,4,2
2279,4,1,4,4,1,4,3,4,1,4,1,4,4
2280,4,1,4,4,1,4,1,1,4,1,1,4,2
2281,4,1,4,4,4,1,2,4,1,4,1,1,3
2282,4,1,4,4,2,1,1,1,2,1,4,1,2
2283,4,1,4,4,1,4,3,4,1,4,1,4,4
2284,4,1,4,4,1,4,1,1,1,3,1,4,3
2285,4,1,4,4,1,4,3,4,1,3,1,4,4
2286,4,1,4,4,1,4,1,1,1,3,1,4,3
2287,4,1,4,4,1,4,4,4,1,4,1,4,4
2288,4,1,4,4,1,4,1,1,4,1,1,4,2
2289,4,1,4,4,1,4,3,4,1,4,1,4,4
2290,4,1,4,4,1,4,1,1,4,1,1,4,2
2291,4,1,4,4,4,1,2,4,1,4,1,1,3
2292,4,1,4,4,2,1,1,1,2,1,4,1,2
2293,4,1,4,4,1,4,3,4,1,4,1,4,4
2294,4,1,4,4,1,4,1,1,1,3,1,4,3
2295,4,1,4,4,1,4,3,4,1,3,1,4,4
2296,4,1,4,4,1,4,1,1,1,3,1,4,3
2297,4,1,4,4,1,4,4,4,1,4,1,4,4
2298,4,1,4,4,1,4,1,1,4,1,1,4,2
2299,4,1,4,4,1,4,3,4,1,4,1,4,4
2300,4,1,4,4,1,4,1,1,4,1,1,4,2
2301,4,1,4,4,4,1,2,4,1,4,1,1,3
2302,4,1,4,4,2,1,1,1,2,1,4,1,2
2303,4,1,4,4,1,4,3,4,1,4,1,4,4
2304,4,1,4,4,1,4,1,1,1,3,1,4,3
2305,4,1,4,4,1,4,3,4,1,3,1,4,4
2306,4,1,4,4,1,4,1,1,1,3,1,4,3
2307,4,1,4,4,1,4,4,4,1,4,1,4,4
2308,4,1,4,4,1,4,1,1,4,1,1,4,2
2309,4,1,4,4,1,4,3,4,1,4,1,4,4
2310,4,1,4,4,1,4,1,1,4,1,1,4,2
2311,4,1,4,4,4,1,2,4,1,4,1,1,3
2312,4,1,4,4,2,1,1,1,2,1,4,1,2
2313,4,1,4,4,1,4,3,4,1,4,1,4,4
2314,4,1,4,4,1,4,1,1,1,3,1,4,3
2315,4,1,4,4,1,4,3,4,1,3,1,4,4
2316,4,1,4,4,1,4,1,1,1,3,1,4,3
2317,4,1,4,4,1,4,4,4,1,4,1,4,4
2318,4,1,4,4,1,4,1,1,4,1,1,4,2
2319,4,1,4,4,1,4,3,4,1,4,1,4,4
2320,4,1,4,4,1,4,1,1,4,1,1,4,2
2321,1,4,4,4,1,4,2,4,1,4,1,1,4
2322,1,4,4,4,1,4,1,1,2,1,4,1,2
2323,1,4,4,4,1,4,3,4,1,4,1,4,4
2324,1,4,4,4,1,4,1,1,1,3,1,4,3
2325,1,4,4,4,1,2,3,4,1,3,1,4,4
2326,1,4,4,4,1,2,1,1,1,3,1,4,3
2327,1,4,4,4,3,1,4,4,1,4,1,4,4
2328,1,4,4,4,3,1,1,1,4,1,1,4,3
2329,1,4,4,4,1,3,3,4,1,4,1,4,4
2330,1,4,4,4,1,3,1,1,4,1,1,4,3
2331,4,1,4,4,4,1,2,4,1,4,1,1,3
2332,4,1,4,4,2,1,1,1,2,1,4,1,2
2333,4,1,4,4,1,4,3,4,1,4,1,4,4
2334,4,1,4,4,1,4,1,1,1,3,1,4,3
2335,4,1,4,4,1,4,3,4,1,3,1,4,4
2336,4,1,4,4,1,4,1,1,1,3,1,4,3
2337,4,1,4,4,1,4,4,4,1,4,1,4,4
2338,4,1,4,4,1,4,1,1,4,1,1,4,2
2339,4,1,4,4,1,4,3,4,1,4,1,4,4
2340,4,1,4,4,1,4,1,1,4,1,1,4,2
2341,4,1,4,4,4,1,2,4,1,4,1,1,3
2342,4,1,4,4,2,1,1,1,2,1,4,1,2
2343,4,1,4,4,1,4,3,4,1,4,1,4,4
2344,4,1,4,4,1,4,1,1,1,3,1,4,3
2345,4,1,4,4,1,4,3,4,1,3,1,4,4
2346,4,1,4,4,1,4,1,1,1,3,1,4,3
2347,4,1,4,4,1,4,4,4,1,4,1,4,4
2348,4,1,4,4,1,4,1,1,4,1,1,4,2
2349,4,1,4,4,1,4,3,4,1,4,1,4,4
2350,4,1,4,4,1,4,1,1,4,1,1,4,2
2351,1,4,4,4,1,4,2,4,1,4,1,1,4
2352,1,4,4,4,1,4,1,1,2,1,4,1,2
2353,1,4,4,4,1,4,3,4,1,4,1,4,4
2354,1,4,4,4,1,4,1,1,1,3,1,4,3
2355,1,4,4,4,1,3,3,4,1,3,1,4,4
2356,1,4,4,4,1,3,1,1,1,3,1,4,3
2357,1,4,4,4,1,3,4,4,1,4,1,4,4
2358,1,4,4,4,1,3,1,1,4,1,1,4,3
2359,1,4,4,4,1,2,3,4,1,4,1,4,4
2360,1,4,4,4,1,2,1,1,4,1,1,4,3
2361,1,4,4,4,1,4,2,4,1,4,1,1,4
2362,1,4,4,4,1,4,1,1,2,1,4,1,3
2363,1,4,4,4,1,4,3,4,1,4,1,4,4
2364,1,4,4,4,1,4,1,1,1,3,1,4,3
2365,1,4,4,4,1,3,3,4,1,3,1,4,4
2366,1,4,4,4,1,3,1,1,1,3,1,4,3
2367,1,4,4,4,1,3,4,4,1,4,1,4,4
2368,1,4,4,4,1,3,1,1,4,1,1,4,3
2369,1,4,4,4,1,2,3,4,1,4,1,4,4
2370,1,4,4,4,1,2,1,1,4,1,1,4,3
2371,4,1,4,4,4,1,2,4,1,4,1,1,3
2372,4,1,4,4,2,1,1,1,2,1,4,1,2
2373,4,1,4,4,1,4,3,4,1,4,1,4,4
2374,4,1,4,4,1,4,1,1,1,3,1,4,3
2375,4,1,4,4,1,4,3,4,1,3,1,4,4
2376,4,1,4,4,1,4,1,1,1,3,1,4,3
2377,4,1,4,4,1,4,4,4,1,4,1,4,4
2378,4,1,4,4,1,4,1,1,4,1,1,4,2
2379,4,1,4,4,1,4,3,4,1,4,1,4,4
2380,4,1,4,4,1,4,1,1,4,1,1,4,2
2381,4,1,4,4,4,1,2,4,1,4,1,1,3
2382,4,1,4,4,2,1,1,1,2,1,4,1,2
2383,4,1,4,4,1,4,3,4,1,4,1,4,4
2384,4,1,4,4,1,4,1,1,1,3,1,4,3
2385,4,1,4,4,1,4,3,4,1,3,1,4,4
2386,4,1,4,4,1,4,1,1,1,3,1,4,3
2387,4,1,4,4,1,4,4,4,1,4,1,4,4
2388,4,1,4,4,1,4,1,1,4,1,1,4,2
2389,4,1,4,4,1,4,3,4,1,4,1,4,4
2390,4,1,4,4,1,4,1,1,4,1,1,4,2
2391,1,4,4,4,1,4,2,4,1,4,1,1,4
2392,1,4,4,4,1,4,1,1,2,1,4,1,3
2393,1,4,4,4,1,4,3,4,1,4,1,4,4
2394,1,4,4,4,1,4,1,1,1,3,1,4,4
2395,1,4,4,4,1,3,3,4,1,3,1,4,4
2396,1,4,4,4,1,3,1,1,1,3,1,4,3
2397,1,4,4,4,1,3,4,4,1,4,1,4,4
2398,1,4,4,4,1,3,1,1,4,1,1,4,3
2399,1,4,4,4,1,1,3,4,1,4,1,4,4
2400,1,4,4,4,1,1,1,1,4,1,1,4,3
2401,1,4,4,4,1,4,2,4,1,4,1,1,4
2402,1,4,4,4,1,4,1,1,2,1,4,1,3
2403,1,4,4,4,1,4,3,4,1,4,1,4,4
2404,1,4,4,4,1,4,1,1,1,3,1,4,4
2405,1,4,4,4,1,2,3,4,1,3,1,4,4
2406,1,4,4,4,3,1,1,1,1,3,1,4,3
2407,1,4,4,4,1,2,4,4,1,4,1,4,4
2408,1,4,4,4,1,2,1,1,4,1,1,4,3
2409,1,4,4,4,1,3,3,4,1,4,1,4,4
2410,1,4,4,4,1,3,1,1,4,1,1,4,3
2411,1,4,4,4,1,4,2,4,1,4,1,1,4
2412,1,4,4,4,1,4,1,1,2,1,4,1,3
2413,1,4,4,4,1,4,3,4,1,4,1,4,4
2414,1,4,4,4,1,4,1,1,1,3,1,4,4
2415,1,4,4,4,1,3,3,4,1,3,1,4,4
2416,1,4,4,4,1,3,1,1,1,3,1,4,3
2417,1,4,4,4,1,3,4,4,1,4,1,4,4
2418,1,4,4,4,1,3,1,1,4,1,1,4,3
2419,1,4,4,4,1,1,3,4,1,4,1,4,4
2420,1,4,4,4,1,1,1,1,4,1,1,4,3
2421,4,1,4,4,4,1,2,4,1,4,1,1,3
2422,4,1,4,4,3,1,1,1,2,1,4,1,2
2423,4,1,4,4,1,4,3,4,1,4,1,4,4
2424,4,1,4,4,1,4,1,1,1,3,1,4,3
2425,4,1,4,4,1,4,3,4,1,3,1,4,4
2426,4,1,4,4,1,4,1,1,1,3,1,4,3
2427,4,1,4,4,1,4,4,4,1,4,1,4,4
2428,4,1,4,4,1,4,1,1,4,1,1,4,2
2429,4,1,4,4,1,4,3,4,1,4,1,4,4
2430,4,1,4,4,1,4,1,1,4,1,1,4,2
2431,4,1,4,4,4,1,2,4,1,4,1,1,3
2432,4,1,4,4,4,1,1,1,2,1,4,1,2
2433,4,1,4,4,1,4,3,4,1,4,1,4,4
2434,4,1,4,4,1,4,1,1,1,3,1,4,3
2435,4,1,4,4,1,4,3,4,1,3,1,4,4
2436,4,1,4,4,1,4,1,1,1,3,1,4,3
2437,4,1,4,4,1,4,4,4,1,4,1,4,4
2438,4,1,4,4,1,4,1,1,4,1,1,4,2
2439,4,1,4,4,1,4,3,4,1,4,1,4,4
2440,4,1,4,4,1,4,1,1,4,1,1,4,2
2441,4,1,4,4,4,1,2,4,1,4,1,1,3
2442,4,1,4,4,3,1,1,1,2,1,4,1,2
2443,4,1,4,4,1,4,3,4,1,4,1,4,4
2444,4,1,4,4,1,4,1,1,1,3,1,4,3
2445,4,1,4,4,1,4,3,4,1,3,1,4,4
2446,4,1,4,4,1,4,1,1,1,3,1,4,3
2447,4,1,4,4,1,4,4,4,1,4,1,4,4
2448,4,1,4,4,1,4,1,1,4,1,1,4,2
2449,4,1,4,4,1,4,3,4,1,4,1,4,4
2450,4,1,4,4,1,4,1,1,4,1,1,4,2
2451,4,1,4,4,4,1,2,4,1,4,1,1,3
2452,4,1,4,4,3,1,1,1,2,1,4,1,2
2453,4,1,4,4,1,4,3,4,1,4,1,4,4
2454,4,1,4,4,1,4,1,1,1,3,1,4,3
2455,4,1,4,4,1,4,3,4,1,3,1,4,4
2456,4,1,4,4,1,4,1,1,1,3,1,4,3
2457,4,1,4,4,1,4,4,4,1,4,1,4,4
2458,4,1,4,4,1,4,1,1,4,1,1,4,2
2459,4,1,4,4,1,4,3,4,1,4,1,4,4
2460,4,1,4,4,1,4,1,1,4,1,1,4,2
2461,4,1,4,4,4,1,2,4,1,4,1,1,3
2462,4,1,4,4,3,1,1,1,2,1,4,1,2
2463,4,1,4,4,1,4,3,4,1,4,1,4,4
2464,4,1,4,4,1,4,1,1,1,3,1,4,3
2465,4,1,4,4,1,4,3,4,1,3,1,4,4
2466,4,1,4,4,1,4,1,1,1,3,1,4,3
2467,4,1,4,4,1,4,4,4,1,4,1,4,4
2468,4,1,4,4,1,4,1,1,4,1,1,4,2
2469,4,1,4,4,1,4,3,4,1,4,1,4,4
2470,4,1,4,4,1,4,1,1,4,1,1,4,2
2471,4,1,4,4,4,1,2,4,1,4,1,1,3
2472,4,1,4,4,3,1,1,1,2,1,4,1,2
2473,4,1,4,4,1,4,3,4,1,4,1,4,4
2474,4,1,4,4,1,4,1,1,1,3,1,4,3
2475,4,1,4,4,1,4,3,4,1,3,1,4,4
2476,4,1,4,4,1,4,1,1,1,3,1,4,3
2477,4,1,4,4,1,4,4,4,1,4,1,4,4
2478,4,1,4,4,1,4,1,1,4,1,1,4,2
2479,4,1,4,4,1,4,3,4,1,4,1,4,4
2480,4,1,4,4,1,4,1,1,4,1,1,4,2
2481,4,1,4,4,4,1,2,4,1,4,1,1,3
2482,4,1,4,4,3,1,1,1,2,1,4,1,2
2483,4,1,4,4,1,4,3,4,1,4,1,4,4
2484,4,1,4,4,1,4,1,1,1,3,1,4,3
2485,4,1,4,4,1,4,3,4,1,3,1,4,4
2486,4,1,4,4,1,4,1,1,1,3,1,4,3
2487,4,1,4,4,1,4,4,4,1,4,1,4,4
2488,4,1,4,4,1,4,1,1,4,1,1,4,2
2489,4,1,4,4,1,4,3,4,1,4,1,4,4
2490,4,1,4,4,1,4,1,1,4,1,1,4,2
2491,4,1,4,4,4,1,2,4,1,4,1,1,3
2492,4,1,4,4,3,1,1,1,2,1,4,1,2
2493,4,1,4,4,1,4,3,4,1,4,1,4,4
2494,4,1,4,4,1,4,1,1,1,3,1,4,3
2495,4,1,4,4,1,4,3,4,1,3,1,4,4
2496,4,1,4,4,1,4,1,1,1,3,1,4,3
2497,4,1,4,4,1,4,4,4,1,4,1,4,4
2498,4,1,4,4,1,4,1,1,4,1,1,4,2
2499,4,1,4,4,1,4,3,4,1,4,1,4,4
2500,4,1,4,4,1,4,1,1,4,1,1,4,2
2501,1,4,4,4,1,4,2,4,1,4,1,1,4
2502,1,4,4,4,1,4,1,1,2,1,4,1,3
2503,1,4,4,4,1,4,3,4,1,4,1,4,4
2504,1,4,4,4,1,4,1,1,1,3,1,4,4
2505,1,4,4,4,1,3,3,4,1,3,1,4,4
2506,1,4,4,4,1,3,1,1,1,3,1,4,3
2507,1,4,4,4,1,3,4,4,1,4,1,4,4
2508,1,4,4,4,1,3,1,1,4,1,1,4,3
2509,1,4,4,4,1,1,3,4,1,4,1,4,4
2510,1,4,4,4,1,1,1,1,4,1,1,4,3
2511,1,4,4,4,1,4,2,4,1,4,1,1,4
2512,1,4,4,4,1,4,1,1,2,1,4,1,3
2513,1,4,4,4,1,4,3,4,1,4,1,4,4
2514,1,4,4,4,1,4,1,1,1,3,1,4,4
2515,1,4,4,4,1,2,3,4,1,3,1,4,4
2516,1,4,4,4,1,2,4,4,1,4,1,4,4
2517,1,4,4,4,1,2,1,1,4,1,1,4,3
2518,1,4,4,4,1,3,3,4,1,4,1,4,4
2519,1,4,4,4,1,3,1,1,4,1,1,4,3
2520,4,1,4,4,2,1,2,4,1,4,1,1,3
2521,4,1,4,4,2,1,1,1,2,1,4,1,2
2522,4,1,4,4,1,4,3,4,1,4,1,4,4
2523,4,1,4,4,1,4,1,1,1,3,1,4,3
2524,4,1,4,4,1,4,3,4,1,3,1,4,4
2525,4,1,4,4,1,4,1,1,1,3,1,4,3
2526,4,1,4,4,1,4,4,4,1,4,1,4,4
2527,4,1,4,4,1,4,1,1,4,1,1,4,3
2528,4,1,4,4,1,4,3,4,1,4,1,4,4
2529,4,1,4,4,1,4,1,1,4,1,1,4,3
2530,1,4,4,4,1,4,2,4,1,4,1,1,4
2531,1,4,4,4,1,4,1,1,2,1,4,1,3
2532,1,4,4,4,1,4,3,4,1,4,1,4,4
2533,1,4,4,4,1,4,1,1,1,3,1,4,4
2534,1,4,4,4,1,3,3,4,1,3,1,4,4
2535,1,4,4,4,1,3,1,1,1,3,1,4,3
2536,1,4,4,4,1,3,4,4,1,4,1,4,4
2537,1,4,4,4,1,3,1,1,4,1,1,4,3
2538,1,4,4,4,1,1,3,4,1,4,1,4,4
2539,1,4,4,4,1,1,1,1,4,1,1,4,3
